Htno,Subcode,Subname,Grade,Credits
15T91A0514,R1631051,COMPILER DESIGN,S,3
15T91A0514,R1631052,UNIX AND SHELL PROGRAMMING,A,3
15T91A0514,R1631053,OBJECT ORIENTED ANALYSIS AND DESIGN USIN,A,3
15T91A0514,R1631054,DATABASE MANAGEMENT SYSTEMS,B,3
15T91A0514,R1631055,OPERATING SYSTEMS,B,3
15T91A0514,R1631056,UNIFIED MODELING LAB,O,2
15T91A0514,R1631057,OPERATING SYSTEM & LINUX PROGRAMMING LAB,O,2
15T91A0514,R1631058,DATABASE MANAGEMENT SYSTEM LAB,O,2
166C1A0110,R1631011,MANAGEMENT SCIENCE,F,0
166C1A0110,R1631012,ENGINEERING GEOLOGY,F,0
166C1A0110,R1631013,STRUCTURAL ANALYSIS -II,F,0
166C1A0110,R1631014,DESIGN & DRAWING OF REINFORCED CONCRETE,F,0
166C1A0110,R1631015,TRANSPORTATION ENGINEERING - II,ABSENT,0
166C1A0110,R1631016,CONCRETE TECHNOLOGY LAB,ABSENT,0
166C1A0110,R1631017,GEOLOGY LAB,ABSENT,0
166C1A0110,R1631018,TRANSPORTATION ENGINEERING LAB,ABSENT,0
166W1A0530,R1631051,COMPILER DESIGN,D,3
166W1A0530,R1631052,UNIX AND SHELL PROGRAMMING,F,0
166W1A0530,R1631053,OBJECT ORIENTED ANALYSIS AND DESIGN USIN,F,0
166W1A0530,R1631054,DATABASE MANAGEMENT SYSTEMS,F,0
166W1A0530,R1631055,OPERATING SYSTEMS,ABSENT,0
166W1A0530,R1631056,UNIFIED MODELING LAB,S,2
166W1A0530,R1631057,OPERATING SYSTEM & LINUX PROGRAMMING LAB,B,2
166W1A0530,R1631058,DATABASE MANAGEMENT SYSTEM LAB,A,2
16BQ1A0518,R1631051,COMPILER DESIGN,ABSENT,0
16BQ1A0518,R1631052,UNIX AND SHELL PROGRAMMING,ABSENT,0
16BQ1A0518,R1631053,OBJECT ORIENTED ANALYSIS AND DESIGN USIN,ABSENT,0
16BQ1A0518,R1631054,DATABASE MANAGEMENT SYSTEMS,ABSENT,0
16BQ1A0518,R1631055,OPERATING SYSTEMS,ABSENT,0
16BQ1A0518,R1631056,UNIFIED MODELING LAB,S,2
16BQ1A0518,R1631057,OPERATING SYSTEM & LINUX PROGRAMMING LAB,A,2
16BQ1A0518,R1631058,DATABASE MANAGEMENT SYSTEM LAB,A,2
16PA1A0559,R1631051,COMPILER DESIGN,A,3
16PA1A0559,R1631052,UNIX AND SHELL PROGRAMMING,A,3
16PA1A0559,R1631053,OBJECT ORIENTED ANALYSIS AND DESIGN USIN,B,3
16PA1A0559,R1631054,DATABASE MANAGEMENT SYSTEMS,S,3
16PA1A0559,R1631055,OPERATING SYSTEMS,B,3
16PA1A0559,R1631056,UNIFIED MODELING LAB,O,2
16PA1A0559,R1631057,OPERATING SYSTEM & LINUX PROGRAMMING LAB,O,2
16PA1A0559,R1631058,DATABASE MANAGEMENT SYSTEM LAB,O,2
16T91A0101,R1631011,MANAGEMENT SCIENCE,F,0
16T91A0101,R1631012,ENGINEERING GEOLOGY,A,3
16T91A0101,R1631013,STRUCTURAL ANALYSIS -II,C,3
16T91A0101,R1631014,DESIGN & DRAWING OF REINFORCED CONCRETE,F,0
Htno,Subcode,Subname,Grade,Credits
16T91A0101,R1631015,TRANSPORTATION ENGINEERING - II,F,0
16T91A0101,R1631016,CONCRETE TECHNOLOGY LAB,S,2
16T91A0101,R1631017,GEOLOGY LAB,O,2
16T91A0101,R1631018,TRANSPORTATION ENGINEERING LAB,S,2
16T91A0103,R1631011,MANAGEMENT SCIENCE,C,3
16T91A0103,R1631012,ENGINEERING GEOLOGY,C,3
16T91A0103,R1631013,STRUCTURAL ANALYSIS -II,F,0
16T91A0103,R1631014,DESIGN & DRAWING OF REINFORCED CONCRETE,F,0
16T91A0103,R1631015,TRANSPORTATION ENGINEERING - II,C,3
16T91A0103,R1631016,CONCRETE TECHNOLOGY LAB,A,2
16T91A0103,R1631017,GEOLOGY LAB,S,2
16T91A0103,R1631018,TRANSPORTATION ENGINEERING LAB,A,2
16T91A0104,R1631011,MANAGEMENT SCIENCE,B,3
16T91A0104,R1631012,ENGINEERING GEOLOGY,C,3
16T91A0104,R1631013,STRUCTURAL ANALYSIS -II,D,3
16T91A0104,R1631014,DESIGN & DRAWING OF REINFORCED CONCRETE,F,0
16T91A0104,R1631015,TRANSPORTATION ENGINEERING - II,C,3
16T91A0104,R1631016,CONCRETE TECHNOLOGY LAB,O,2
16T91A0104,R1631017,GEOLOGY LAB,S,2
16T91A0104,R1631018,TRANSPORTATION ENGINEERING LAB,A,2
16T91A0105,R1631011,MANAGEMENT SCIENCE,D,3
16T91A0105,R1631012,ENGINEERING GEOLOGY,D,3
16T91A0105,R1631013,STRUCTURAL ANALYSIS -II,F,0
16T91A0105,R1631014,DESIGN & DRAWING OF REINFORCED CONCRETE,F,0
16T91A0105,R1631015,TRANSPORTATION ENGINEERING - II,F,0
16T91A0105,R1631016,CONCRETE TECHNOLOGY LAB,O,2
16T91A0105,R1631017,GEOLOGY LAB,S,2
16T91A0105,R1631018,TRANSPORTATION ENGINEERING LAB,A,2
16T91A0106,R1631011,MANAGEMENT SCIENCE,C,3
16T91A0106,R1631012,ENGINEERING GEOLOGY,S,3
16T91A0106,R1631013,STRUCTURAL ANALYSIS -II,F,0
16T91A0106,R1631014,DESIGN & DRAWING OF REINFORCED CONCRETE,D,3
16T91A0106,R1631015,TRANSPORTATION ENGINEERING - II,C,3
16T91A0106,R1631016,CONCRETE TECHNOLOGY LAB,S,2
16T91A0106,R1631017,GEOLOGY LAB,S,2
16T91A0106,R1631018,TRANSPORTATION ENGINEERING LAB,A,2
16T91A0107,R1631011,MANAGEMENT SCIENCE,B,3
16T91A0107,R1631012,ENGINEERING GEOLOGY,D,3
16T91A0107,R1631013,STRUCTURAL ANALYSIS -II,F,0
16T91A0107,R1631014,DESIGN & DRAWING OF REINFORCED CONCRETE,F,0
16T91A0107,R1631015,TRANSPORTATION ENGINEERING - II,D,3
16T91A0107,R1631016,CONCRETE TECHNOLOGY LAB,S,2
16T91A0107,R1631017,GEOLOGY LAB,S,2
16T91A0107,R1631018,TRANSPORTATION ENGINEERING LAB,A,2
16T91A0110,R1631011,MANAGEMENT SCIENCE,C,3
16T91A0110,R1631012,ENGINEERING GEOLOGY,C,3
16T91A0110,R1631013,STRUCTURAL ANALYSIS -II,B,3
16T91A0110,R1631014,DESIGN & DRAWING OF REINFORCED CONCRETE,C,3
16T91A0110,R1631015,TRANSPORTATION ENGINEERING - II,A,3
16T91A0110,R1631016,CONCRETE TECHNOLOGY LAB,A,2
16T91A0110,R1631017,GEOLOGY LAB,A,2
Htno,Subcode,Subname,Grade,Credits
16T91A0110,R1631018,TRANSPORTATION ENGINEERING LAB,S,2
16T91A0111,R1631011,MANAGEMENT SCIENCE,D,3
16T91A0111,R1631012,ENGINEERING GEOLOGY,B,3
16T91A0111,R1631013,STRUCTURAL ANALYSIS -II,A,3
16T91A0111,R1631014,DESIGN & DRAWING OF REINFORCED CONCRETE,A,3
16T91A0111,R1631015,TRANSPORTATION ENGINEERING - II,B,3
16T91A0111,R1631016,CONCRETE TECHNOLOGY LAB,O,2
16T91A0111,R1631017,GEOLOGY LAB,O,2
16T91A0111,R1631018,TRANSPORTATION ENGINEERING LAB,S,2
16T91A0112,R1631011,MANAGEMENT SCIENCE,F,0
16T91A0112,R1631012,ENGINEERING GEOLOGY,A,3
16T91A0112,R1631013,STRUCTURAL ANALYSIS -II,D,3
16T91A0112,R1631014,DESIGN & DRAWING OF REINFORCED CONCRETE,B,3
16T91A0112,R1631015,TRANSPORTATION ENGINEERING - II,B,3
16T91A0112,R1631016,CONCRETE TECHNOLOGY LAB,O,2
16T91A0112,R1631017,GEOLOGY LAB,O,2
16T91A0112,R1631018,TRANSPORTATION ENGINEERING LAB,S,2
16T91A0114,R1631011,MANAGEMENT SCIENCE,D,3
16T91A0114,R1631012,ENGINEERING GEOLOGY,D,3
16T91A0114,R1631013,STRUCTURAL ANALYSIS -II,C,3
16T91A0114,R1631014,DESIGN & DRAWING OF REINFORCED CONCRETE,C,3
16T91A0114,R1631015,TRANSPORTATION ENGINEERING - II,C,3
16T91A0114,R1631016,CONCRETE TECHNOLOGY LAB,S,2
16T91A0114,R1631017,GEOLOGY LAB,O,2
16T91A0114,R1631018,TRANSPORTATION ENGINEERING LAB,A,2
16T91A0201,R1631021,POWER SYSTEMS-II,F,0
16T91A0201,R1631022,RENEWABLE ENERGY SOURCES,F,0
16T91A0201,R1631023,SIGNALS AND SYSTEMS,F,0
16T91A0201,R1631024,PULSE & DIGITAL CIRCUITS,F,0
16T91A0201,R1631025,POWER ELECTRONICS,F,0
16T91A0201,R1631026,ELECTRICAL MACHINES-II LABORATORY,S,2
16T91A0201,R1631027,CONTROL SYSTEMS LABORATORY,S,2
16T91A0201,R1631028,ELECTRICAL MEASUREMENTS LABORATORY,A,2
16T91A0202,R1631021,POWER SYSTEMS-II,F,0
16T91A0202,R1631022,RENEWABLE ENERGY SOURCES,C,3
16T91A0202,R1631023,SIGNALS AND SYSTEMS,F,0
16T91A0202,R1631024,PULSE & DIGITAL CIRCUITS,F,0
16T91A0202,R1631025,POWER ELECTRONICS,F,0
16T91A0202,R1631026,ELECTRICAL MACHINES-II LABORATORY,S,2
16T91A0202,R1631027,CONTROL SYSTEMS LABORATORY,S,2
16T91A0202,R1631028,ELECTRICAL MEASUREMENTS LABORATORY,A,2
16T91A0301,R1631031,DYNAMICS OF MACHINERY,F,0
16T91A0301,R1631032,METAL CUTTING & MACHINE TOOLS,D,3
16T91A0301,R1631033,DESIGN OF MACHINE MEMBERS-II,D,3
16T91A0301,R1631034,OPERATIONS RESEARCH,D,3
16T91A0301,R1631035,THERMAL ENGINEERING -II,F,0
16T91A0301,R1631036,THEORY OF MACHINES LAB,S,2
16T91A0301,R1631037,MACHINE TOOLS LAB,S,2
16T91A0301,R1631038,THERMAL ENGINEERING LAB,S,2
16T91A0302,R1631031,DYNAMICS OF MACHINERY,C,3
16T91A0302,R1631032,METAL CUTTING & MACHINE TOOLS,D,3
Htno,Subcode,Subname,Grade,Credits
16T91A0302,R1631033,DESIGN OF MACHINE MEMBERS-II,F,0
16T91A0302,R1631034,OPERATIONS RESEARCH,C,3
16T91A0302,R1631035,THERMAL ENGINEERING -II,F,0
16T91A0302,R1631036,THEORY OF MACHINES LAB,O,2
16T91A0302,R1631037,MACHINE TOOLS LAB,S,2
16T91A0302,R1631038,THERMAL ENGINEERING LAB,O,2
16T91A0303,R1631031,DYNAMICS OF MACHINERY,D,3
16T91A0303,R1631032,METAL CUTTING & MACHINE TOOLS,C,3
16T91A0303,R1631033,DESIGN OF MACHINE MEMBERS-II,C,3
16T91A0303,R1631034,OPERATIONS RESEARCH,F,0
16T91A0303,R1631035,THERMAL ENGINEERING -II,F,0
16T91A0303,R1631036,THEORY OF MACHINES LAB,S,2
16T91A0303,R1631037,MACHINE TOOLS LAB,S,2
16T91A0303,R1631038,THERMAL ENGINEERING LAB,S,2
16T91A0304,R1631031,DYNAMICS OF MACHINERY,F,0
16T91A0304,R1631032,METAL CUTTING & MACHINE TOOLS,D,3
16T91A0304,R1631033,DESIGN OF MACHINE MEMBERS-II,C,3
16T91A0304,R1631034,OPERATIONS RESEARCH,D,3
16T91A0304,R1631035,THERMAL ENGINEERING -II,F,0
16T91A0304,R1631036,THEORY OF MACHINES LAB,S,2
16T91A0304,R1631037,MACHINE TOOLS LAB,S,2
16T91A0304,R1631038,THERMAL ENGINEERING LAB,S,2
16T91A0305,R1631031,DYNAMICS OF MACHINERY,C,3
16T91A0305,R1631032,METAL CUTTING & MACHINE TOOLS,B,3
16T91A0305,R1631033,DESIGN OF MACHINE MEMBERS-II,C,3
16T91A0305,R1631034,OPERATIONS RESEARCH,C,3
16T91A0305,R1631035,THERMAL ENGINEERING -II,A,3
16T91A0305,R1631036,THEORY OF MACHINES LAB,O,2
16T91A0305,R1631037,MACHINE TOOLS LAB,O,2
16T91A0305,R1631038,THERMAL ENGINEERING LAB,O,2
16T91A0306,R1631031,DYNAMICS OF MACHINERY,F,0
16T91A0306,R1631032,METAL CUTTING & MACHINE TOOLS,D,3
16T91A0306,R1631033,DESIGN OF MACHINE MEMBERS-II,D,3
16T91A0306,R1631034,OPERATIONS RESEARCH,B,3
16T91A0306,R1631035,THERMAL ENGINEERING -II,F,0
16T91A0306,R1631036,THEORY OF MACHINES LAB,ABSENT,0
16T91A0306,R1631037,MACHINE TOOLS LAB,ABSENT,0
16T91A0306,R1631038,THERMAL ENGINEERING LAB,ABSENT,0
16T91A0307,R1631031,DYNAMICS OF MACHINERY,F,0
16T91A0307,R1631032,METAL CUTTING & MACHINE TOOLS,F,0
16T91A0307,R1631033,DESIGN OF MACHINE MEMBERS-II,C,3
16T91A0307,R1631034,OPERATIONS RESEARCH,B,3
16T91A0307,R1631035,THERMAL ENGINEERING -II,C,3
16T91A0307,R1631036,THEORY OF MACHINES LAB,O,2
16T91A0307,R1631037,MACHINE TOOLS LAB,O,2
16T91A0307,R1631038,THERMAL ENGINEERING LAB,S,2
16T91A0308,R1631031,DYNAMICS OF MACHINERY,F,0
16T91A0308,R1631032,METAL CUTTING & MACHINE TOOLS,F,0
16T91A0308,R1631033,DESIGN OF MACHINE MEMBERS-II,F,0
16T91A0308,R1631034,OPERATIONS RESEARCH,F,0
16T91A0308,R1631035,THERMAL ENGINEERING -II,F,0
Htno,Subcode,Subname,Grade,Credits
16T91A0308,R1631036,THEORY OF MACHINES LAB,S,2
16T91A0308,R1631037,MACHINE TOOLS LAB,S,2
16T91A0308,R1631038,THERMAL ENGINEERING LAB,A,2
16T91A0309,R1631031,DYNAMICS OF MACHINERY,F,0
16T91A0309,R1631032,METAL CUTTING & MACHINE TOOLS,F,0
16T91A0309,R1631033,DESIGN OF MACHINE MEMBERS-II,F,0
16T91A0309,R1631034,OPERATIONS RESEARCH,F,0
16T91A0309,R1631035,THERMAL ENGINEERING -II,F,0
16T91A0309,R1631036,THEORY OF MACHINES LAB,S,2
16T91A0309,R1631037,MACHINE TOOLS LAB,A,2
16T91A0309,R1631038,THERMAL ENGINEERING LAB,A,2
16T91A0310,R1631031,DYNAMICS OF MACHINERY,F,0
16T91A0310,R1631032,METAL CUTTING & MACHINE TOOLS,F,0
16T91A0310,R1631033,DESIGN OF MACHINE MEMBERS-II,F,0
16T91A0310,R1631034,OPERATIONS RESEARCH,D,3
16T91A0310,R1631035,THERMAL ENGINEERING -II,F,0
16T91A0310,R1631036,THEORY OF MACHINES LAB,O,2
16T91A0310,R1631037,MACHINE TOOLS LAB,A,2
16T91A0310,R1631038,THERMAL ENGINEERING LAB,A,2
16T91A0312,R1631031,DYNAMICS OF MACHINERY,F,0
16T91A0312,R1631032,METAL CUTTING & MACHINE TOOLS,F,0
16T91A0312,R1631033,DESIGN OF MACHINE MEMBERS-II,F,0
16T91A0312,R1631034,OPERATIONS RESEARCH,F,0
16T91A0312,R1631035,THERMAL ENGINEERING -II,F,0
16T91A0312,R1631036,THEORY OF MACHINES LAB,S,2
16T91A0312,R1631037,MACHINE TOOLS LAB,A,2
16T91A0312,R1631038,THERMAL ENGINEERING LAB,A,2
16T91A0313,R1631031,DYNAMICS OF MACHINERY,F,0
16T91A0313,R1631032,METAL CUTTING & MACHINE TOOLS,F,0
16T91A0313,R1631033,DESIGN OF MACHINE MEMBERS-II,F,0
16T91A0313,R1631034,OPERATIONS RESEARCH,D,3
16T91A0313,R1631035,THERMAL ENGINEERING -II,F,0
16T91A0313,R1631036,THEORY OF MACHINES LAB,S,2
16T91A0313,R1631037,MACHINE TOOLS LAB,A,2
16T91A0313,R1631038,THERMAL ENGINEERING LAB,S,2
16T91A0314,R1631031,DYNAMICS OF MACHINERY,F,0
16T91A0314,R1631032,METAL CUTTING & MACHINE TOOLS,F,0
16T91A0314,R1631033,DESIGN OF MACHINE MEMBERS-II,D,3
16T91A0314,R1631034,OPERATIONS RESEARCH,F,0
16T91A0314,R1631035,THERMAL ENGINEERING -II,F,0
16T91A0314,R1631036,THEORY OF MACHINES LAB,S,2
16T91A0314,R1631037,MACHINE TOOLS LAB,B,2
16T91A0314,R1631038,THERMAL ENGINEERING LAB,A,2
16T91A0315,R1631031,DYNAMICS OF MACHINERY,F,0
16T91A0315,R1631032,METAL CUTTING & MACHINE TOOLS,F,0
16T91A0315,R1631033,DESIGN OF MACHINE MEMBERS-II,F,0
16T91A0315,R1631034,OPERATIONS RESEARCH,F,0
16T91A0315,R1631035,THERMAL ENGINEERING -II,F,0
16T91A0315,R1631036,THEORY OF MACHINES LAB,S,2
16T91A0315,R1631037,MACHINE TOOLS LAB,S,2
16T91A0315,R1631038,THERMAL ENGINEERING LAB,A,2
Htno,Subcode,Subname,Grade,Credits
16T91A0316,R1631031,DYNAMICS OF MACHINERY,C,3
16T91A0316,R1631032,METAL CUTTING & MACHINE TOOLS,A,3
16T91A0316,R1631033,DESIGN OF MACHINE MEMBERS-II,D,3
16T91A0316,R1631034,OPERATIONS RESEARCH,B,3
16T91A0316,R1631035,THERMAL ENGINEERING -II,C,3
16T91A0316,R1631036,THEORY OF MACHINES LAB,O,2
16T91A0316,R1631037,MACHINE TOOLS LAB,O,2
16T91A0316,R1631038,THERMAL ENGINEERING LAB,O,2
16T91A0318,R1631031,DYNAMICS OF MACHINERY,D,3
16T91A0318,R1631032,METAL CUTTING & MACHINE TOOLS,B,3
16T91A0318,R1631033,DESIGN OF MACHINE MEMBERS-II,D,3
16T91A0318,R1631034,OPERATIONS RESEARCH,C,3
16T91A0318,R1631035,THERMAL ENGINEERING -II,C,3
16T91A0318,R1631036,THEORY OF MACHINES LAB,O,2
16T91A0318,R1631037,MACHINE TOOLS LAB,O,2
16T91A0318,R1631038,THERMAL ENGINEERING LAB,O,2
16T91A0319,R1631031,DYNAMICS OF MACHINERY,F,0
16T91A0319,R1631032,METAL CUTTING & MACHINE TOOLS,D,3
16T91A0319,R1631033,DESIGN OF MACHINE MEMBERS-II,F,0
16T91A0319,R1631034,OPERATIONS RESEARCH,F,0
16T91A0319,R1631035,THERMAL ENGINEERING -II,F,0
16T91A0319,R1631036,THEORY OF MACHINES LAB,S,2
16T91A0319,R1631037,MACHINE TOOLS LAB,A,2
16T91A0319,R1631038,THERMAL ENGINEERING LAB,S,2
16T91A0320,R1631031,DYNAMICS OF MACHINERY,F,0
16T91A0320,R1631032,METAL CUTTING & MACHINE TOOLS,F,0
16T91A0320,R1631033,DESIGN OF MACHINE MEMBERS-II,F,0
16T91A0320,R1631034,OPERATIONS RESEARCH,D,3
16T91A0320,R1631035,THERMAL ENGINEERING -II,F,0
16T91A0320,R1631036,THEORY OF MACHINES LAB,B,2
16T91A0320,R1631037,MACHINE TOOLS LAB,B,2
16T91A0320,R1631038,THERMAL ENGINEERING LAB,A,2
16T91A0321,R1631031,DYNAMICS OF MACHINERY,F,0
16T91A0321,R1631032,METAL CUTTING & MACHINE TOOLS,F,0
16T91A0321,R1631033,DESIGN OF MACHINE MEMBERS-II,D,3
16T91A0321,R1631034,OPERATIONS RESEARCH,F,0
16T91A0321,R1631035,THERMAL ENGINEERING -II,F,0
16T91A0321,R1631036,THEORY OF MACHINES LAB,B,2
16T91A0321,R1631037,MACHINE TOOLS LAB,B,2
16T91A0321,R1631038,THERMAL ENGINEERING LAB,A,2
16T91A0322,R1631031,DYNAMICS OF MACHINERY,F,0
16T91A0322,R1631032,METAL CUTTING & MACHINE TOOLS,F,0
16T91A0322,R1631033,DESIGN OF MACHINE MEMBERS-II,C,3
16T91A0322,R1631034,OPERATIONS RESEARCH,D,3
16T91A0322,R1631035,THERMAL ENGINEERING -II,F,0
16T91A0322,R1631036,THEORY OF MACHINES LAB,O,2
16T91A0322,R1631037,MACHINE TOOLS LAB,S,2
16T91A0322,R1631038,THERMAL ENGINEERING LAB,O,2
16T91A0323,R1631031,DYNAMICS OF MACHINERY,F,0
16T91A0323,R1631032,METAL CUTTING & MACHINE TOOLS,F,0
16T91A0323,R1631033,DESIGN OF MACHINE MEMBERS-II,F,0
Htno,Subcode,Subname,Grade,Credits
16T91A0323,R1631034,OPERATIONS RESEARCH,F,0
16T91A0323,R1631035,THERMAL ENGINEERING -II,F,0
16T91A0323,R1631036,THEORY OF MACHINES LAB,O,2
16T91A0323,R1631037,MACHINE TOOLS LAB,A,2
16T91A0323,R1631038,THERMAL ENGINEERING LAB,A,2
16T91A0324,R1631031,DYNAMICS OF MACHINERY,F,0
16T91A0324,R1631032,METAL CUTTING & MACHINE TOOLS,C,3
16T91A0324,R1631033,DESIGN OF MACHINE MEMBERS-II,F,0
16T91A0324,R1631034,OPERATIONS RESEARCH,C,3
16T91A0324,R1631035,THERMAL ENGINEERING -II,F,0
16T91A0324,R1631036,THEORY OF MACHINES LAB,B,2
16T91A0324,R1631037,MACHINE TOOLS LAB,A,2
16T91A0324,R1631038,THERMAL ENGINEERING LAB,A,2
16T91A0327,R1631031,DYNAMICS OF MACHINERY,F,0
16T91A0327,R1631032,METAL CUTTING & MACHINE TOOLS,D,3
16T91A0327,R1631033,DESIGN OF MACHINE MEMBERS-II,F,0
16T91A0327,R1631034,OPERATIONS RESEARCH,D,3
16T91A0327,R1631035,THERMAL ENGINEERING -II,F,0
16T91A0327,R1631036,THEORY OF MACHINES LAB,O,2
16T91A0327,R1631037,MACHINE TOOLS LAB,S,2
16T91A0327,R1631038,THERMAL ENGINEERING LAB,S,2
16T91A0328,R1631031,DYNAMICS OF MACHINERY,F,0
16T91A0328,R1631032,METAL CUTTING & MACHINE TOOLS,F,0
16T91A0328,R1631033,DESIGN OF MACHINE MEMBERS-II,F,0
16T91A0328,R1631034,OPERATIONS RESEARCH,F,0
16T91A0328,R1631035,THERMAL ENGINEERING -II,F,0
16T91A0328,R1631036,THEORY OF MACHINES LAB,S,2
16T91A0328,R1631037,MACHINE TOOLS LAB,S,2
16T91A0328,R1631038,THERMAL ENGINEERING LAB,A,2
16T91A0329,R1631031,DYNAMICS OF MACHINERY,F,0
16T91A0329,R1631032,METAL CUTTING & MACHINE TOOLS,A,3
16T91A0329,R1631033,DESIGN OF MACHINE MEMBERS-II,B,3
16T91A0329,R1631034,OPERATIONS RESEARCH,C,3
16T91A0329,R1631035,THERMAL ENGINEERING -II,C,3
16T91A0329,R1631036,THEORY OF MACHINES LAB,B,2
16T91A0329,R1631037,MACHINE TOOLS LAB,A,2
16T91A0329,R1631038,THERMAL ENGINEERING LAB,A,2
16T91A0330,R1631031,DYNAMICS OF MACHINERY,F,0
16T91A0330,R1631032,METAL CUTTING & MACHINE TOOLS,F,0
16T91A0330,R1631033,DESIGN OF MACHINE MEMBERS-II,F,0
16T91A0330,R1631034,OPERATIONS RESEARCH,F,0
16T91A0330,R1631035,THERMAL ENGINEERING -II,F,0
16T91A0330,R1631036,THEORY OF MACHINES LAB,S,2
16T91A0330,R1631037,MACHINE TOOLS LAB,A,2
16T91A0330,R1631038,THERMAL ENGINEERING LAB,A,2
16T91A0331,R1631031,DYNAMICS OF MACHINERY,ABSENT,0
16T91A0331,R1631032,METAL CUTTING & MACHINE TOOLS,F,0
16T91A0331,R1631033,DESIGN OF MACHINE MEMBERS-II,F,0
16T91A0331,R1631034,OPERATIONS RESEARCH,F,0
16T91A0331,R1631035,THERMAL ENGINEERING -II,F,0
16T91A0331,R1631036,THEORY OF MACHINES LAB,O,2
Htno,Subcode,Subname,Grade,Credits
16T91A0331,R1631037,MACHINE TOOLS LAB,S,2
16T91A0331,R1631038,THERMAL ENGINEERING LAB,A,2
16T91A0401,R1631041,COMPUTER ARCHITECTURE AND ORGANIZATION,A,3
16T91A0401,R1631042,LINEAR IC APPLICATIONS,B,3
16T91A0401,R1631043,DIGITAL IC APPLICATIONS,B,3
16T91A0401,R1631044,DIGITAL COMMUNICATIONS,A,3
16T91A0401,R1631045,ANTENNA AND WAVE PROPAGATION,S,3
16T91A0401,R1631046,PULSE AND DIGITAL CIRCUITS LAB,O,2
16T91A0401,R1631047,LINEAR I C APPLICATIONS LAB,O,2
16T91A0401,R1631048,DIGITAL I C APPLICATIONS LAB,O,2
16T91A0403,R1631041,COMPUTER ARCHITECTURE AND ORGANIZATION,F,0
16T91A0403,R1631042,LINEAR IC APPLICATIONS,F,0
16T91A0403,R1631043,DIGITAL IC APPLICATIONS,C,3
16T91A0403,R1631044,DIGITAL COMMUNICATIONS,D,3
16T91A0403,R1631045,ANTENNA AND WAVE PROPAGATION,F,0
16T91A0403,R1631046,PULSE AND DIGITAL CIRCUITS LAB,S,2
16T91A0403,R1631047,LINEAR I C APPLICATIONS LAB,S,2
16T91A0403,R1631048,DIGITAL I C APPLICATIONS LAB,S,2
16T91A0404,R1631041,COMPUTER ARCHITECTURE AND ORGANIZATION,F,0
16T91A0404,R1631042,LINEAR IC APPLICATIONS,F,0
16T91A0404,R1631043,DIGITAL IC APPLICATIONS,F,0
16T91A0404,R1631044,DIGITAL COMMUNICATIONS,F,0
16T91A0404,R1631045,ANTENNA AND WAVE PROPAGATION,F,0
16T91A0404,R1631046,PULSE AND DIGITAL CIRCUITS LAB,A,2
16T91A0404,R1631047,LINEAR I C APPLICATIONS LAB,B,2
16T91A0404,R1631048,DIGITAL I C APPLICATIONS LAB,A,2
16T91A0405,R1631041,COMPUTER ARCHITECTURE AND ORGANIZATION,D,3
16T91A0405,R1631042,LINEAR IC APPLICATIONS,B,3
16T91A0405,R1631043,DIGITAL IC APPLICATIONS,B,3
16T91A0405,R1631044,DIGITAL COMMUNICATIONS,A,3
16T91A0405,R1631045,ANTENNA AND WAVE PROPAGATION,A,3
16T91A0405,R1631046,PULSE AND DIGITAL CIRCUITS LAB,O,2
16T91A0405,R1631047,LINEAR I C APPLICATIONS LAB,O,2
16T91A0405,R1631048,DIGITAL I C APPLICATIONS LAB,O,2
16T91A0406,R1631041,COMPUTER ARCHITECTURE AND ORGANIZATION,B,3
16T91A0406,R1631042,LINEAR IC APPLICATIONS,F,0
16T91A0406,R1631043,DIGITAL IC APPLICATIONS,F,0
16T91A0406,R1631044,DIGITAL COMMUNICATIONS,D,3
16T91A0406,R1631045,ANTENNA AND WAVE PROPAGATION,F,0
16T91A0406,R1631046,PULSE AND DIGITAL CIRCUITS LAB,S,2
16T91A0406,R1631047,LINEAR I C APPLICATIONS LAB,S,2
16T91A0406,R1631048,DIGITAL I C APPLICATIONS LAB,S,2
16T91A0409,R1631041,COMPUTER ARCHITECTURE AND ORGANIZATION,F,0
16T91A0409,R1631042,LINEAR IC APPLICATIONS,F,0
16T91A0409,R1631043,DIGITAL IC APPLICATIONS,F,0
16T91A0409,R1631044,DIGITAL COMMUNICATIONS,D,3
16T91A0409,R1631045,ANTENNA AND WAVE PROPAGATION,F,0
16T91A0409,R1631046,PULSE AND DIGITAL CIRCUITS LAB,A,2
16T91A0409,R1631047,LINEAR I C APPLICATIONS LAB,B,2
16T91A0409,R1631048,DIGITAL I C APPLICATIONS LAB,A,2
16T91A0410,R1631041,COMPUTER ARCHITECTURE AND ORGANIZATION,F,0
Htno,Subcode,Subname,Grade,Credits
16T91A0410,R1631042,LINEAR IC APPLICATIONS,F,0
16T91A0410,R1631043,DIGITAL IC APPLICATIONS,C,3
16T91A0410,R1631044,DIGITAL COMMUNICATIONS,D,3
16T91A0410,R1631045,ANTENNA AND WAVE PROPAGATION,F,0
16T91A0410,R1631046,PULSE AND DIGITAL CIRCUITS LAB,A,2
16T91A0410,R1631047,LINEAR I C APPLICATIONS LAB,S,2
16T91A0410,R1631048,DIGITAL I C APPLICATIONS LAB,A,2
16T91A0412,R1631041,COMPUTER ARCHITECTURE AND ORGANIZATION,D,3
16T91A0412,R1631042,LINEAR IC APPLICATIONS,D,3
16T91A0412,R1631043,DIGITAL IC APPLICATIONS,F,0
16T91A0412,R1631044,DIGITAL COMMUNICATIONS,F,0
16T91A0412,R1631045,ANTENNA AND WAVE PROPAGATION,F,0
16T91A0412,R1631046,PULSE AND DIGITAL CIRCUITS LAB,S,2
16T91A0412,R1631047,LINEAR I C APPLICATIONS LAB,S,2
16T91A0412,R1631048,DIGITAL I C APPLICATIONS LAB,S,2
16T91A0413,R1631041,COMPUTER ARCHITECTURE AND ORGANIZATION,C,3
16T91A0413,R1631042,LINEAR IC APPLICATIONS,F,0
16T91A0413,R1631043,DIGITAL IC APPLICATIONS,D,3
16T91A0413,R1631044,DIGITAL COMMUNICATIONS,D,3
16T91A0413,R1631045,ANTENNA AND WAVE PROPAGATION,D,3
16T91A0413,R1631046,PULSE AND DIGITAL CIRCUITS LAB,O,2
16T91A0413,R1631047,LINEAR I C APPLICATIONS LAB,O,2
16T91A0413,R1631048,DIGITAL I C APPLICATIONS LAB,S,2
16T91A0414,R1631041,COMPUTER ARCHITECTURE AND ORGANIZATION,B,3
16T91A0414,R1631042,LINEAR IC APPLICATIONS,A,3
16T91A0414,R1631043,DIGITAL IC APPLICATIONS,S,3
16T91A0414,R1631044,DIGITAL COMMUNICATIONS,S,3
16T91A0414,R1631045,ANTENNA AND WAVE PROPAGATION,S,3
16T91A0414,R1631046,PULSE AND DIGITAL CIRCUITS LAB,O,2
16T91A0414,R1631047,LINEAR I C APPLICATIONS LAB,O,2
16T91A0414,R1631048,DIGITAL I C APPLICATIONS LAB,O,2
16T91A0415,R1631041,COMPUTER ARCHITECTURE AND ORGANIZATION,C,3
16T91A0415,R1631042,LINEAR IC APPLICATIONS,C,3
16T91A0415,R1631043,DIGITAL IC APPLICATIONS,A,3
16T91A0415,R1631044,DIGITAL COMMUNICATIONS,A,3
16T91A0415,R1631045,ANTENNA AND WAVE PROPAGATION,C,3
16T91A0415,R1631046,PULSE AND DIGITAL CIRCUITS LAB,O,2
16T91A0415,R1631047,LINEAR I C APPLICATIONS LAB,O,2
16T91A0415,R1631048,DIGITAL I C APPLICATIONS LAB,O,2
16T91A0416,R1631041,COMPUTER ARCHITECTURE AND ORGANIZATION,C,3
16T91A0416,R1631042,LINEAR IC APPLICATIONS,C,3
16T91A0416,R1631043,DIGITAL IC APPLICATIONS,B,3
16T91A0416,R1631044,DIGITAL COMMUNICATIONS,C,3
16T91A0416,R1631045,ANTENNA AND WAVE PROPAGATION,D,3
16T91A0416,R1631046,PULSE AND DIGITAL CIRCUITS LAB,O,2
16T91A0416,R1631047,LINEAR I C APPLICATIONS LAB,S,2
16T91A0416,R1631048,DIGITAL I C APPLICATIONS LAB,S,2
16T91A0417,R1631041,COMPUTER ARCHITECTURE AND ORGANIZATION,B,3
16T91A0417,R1631042,LINEAR IC APPLICATIONS,B,3
16T91A0417,R1631043,DIGITAL IC APPLICATIONS,D,3
16T91A0417,R1631044,DIGITAL COMMUNICATIONS,C,3
Htno,Subcode,Subname,Grade,Credits
16T91A0417,R1631045,ANTENNA AND WAVE PROPAGATION,C,3
16T91A0417,R1631046,PULSE AND DIGITAL CIRCUITS LAB,O,2
16T91A0417,R1631047,LINEAR I C APPLICATIONS LAB,O,2
16T91A0417,R1631048,DIGITAL I C APPLICATIONS LAB,O,2
16T91A0419,R1631041,COMPUTER ARCHITECTURE AND ORGANIZATION,C,3
16T91A0419,R1631042,LINEAR IC APPLICATIONS,B,3
16T91A0419,R1631043,DIGITAL IC APPLICATIONS,S,3
16T91A0419,R1631044,DIGITAL COMMUNICATIONS,B,3
16T91A0419,R1631045,ANTENNA AND WAVE PROPAGATION,B,3
16T91A0419,R1631046,PULSE AND DIGITAL CIRCUITS LAB,O,2
16T91A0419,R1631047,LINEAR I C APPLICATIONS LAB,O,2
16T91A0419,R1631048,DIGITAL I C APPLICATIONS LAB,O,2
16T91A0421,R1631041,COMPUTER ARCHITECTURE AND ORGANIZATION,C,3
16T91A0421,R1631042,LINEAR IC APPLICATIONS,C,3
16T91A0421,R1631043,DIGITAL IC APPLICATIONS,B,3
16T91A0421,R1631044,DIGITAL COMMUNICATIONS,D,3
16T91A0421,R1631045,ANTENNA AND WAVE PROPAGATION,F,0
16T91A0421,R1631046,PULSE AND DIGITAL CIRCUITS LAB,S,2
16T91A0421,R1631047,LINEAR I C APPLICATIONS LAB,S,2
16T91A0421,R1631048,DIGITAL I C APPLICATIONS LAB,S,2
16T91A0422,R1631041,COMPUTER ARCHITECTURE AND ORGANIZATION,C,3
16T91A0422,R1631042,LINEAR IC APPLICATIONS,A,3
16T91A0422,R1631043,DIGITAL IC APPLICATIONS,B,3
16T91A0422,R1631044,DIGITAL COMMUNICATIONS,A,3
16T91A0422,R1631045,ANTENNA AND WAVE PROPAGATION,A,3
16T91A0422,R1631046,PULSE AND DIGITAL CIRCUITS LAB,O,2
16T91A0422,R1631047,LINEAR I C APPLICATIONS LAB,S,2
16T91A0422,R1631048,DIGITAL I C APPLICATIONS LAB,O,2
16T91A0423,R1631041,COMPUTER ARCHITECTURE AND ORGANIZATION,B,3
16T91A0423,R1631042,LINEAR IC APPLICATIONS,C,3
16T91A0423,R1631043,DIGITAL IC APPLICATIONS,D,3
16T91A0423,R1631044,DIGITAL COMMUNICATIONS,B,3
16T91A0423,R1631045,ANTENNA AND WAVE PROPAGATION,F,0
16T91A0423,R1631046,PULSE AND DIGITAL CIRCUITS LAB,O,2
16T91A0423,R1631047,LINEAR I C APPLICATIONS LAB,S,2
16T91A0423,R1631048,DIGITAL I C APPLICATIONS LAB,S,2
16T91A0425,R1631041,COMPUTER ARCHITECTURE AND ORGANIZATION,F,0
16T91A0425,R1631042,LINEAR IC APPLICATIONS,C,3
16T91A0425,R1631043,DIGITAL IC APPLICATIONS,B,3
16T91A0425,R1631044,DIGITAL COMMUNICATIONS,C,3
16T91A0425,R1631045,ANTENNA AND WAVE PROPAGATION,F,0
16T91A0425,R1631046,PULSE AND DIGITAL CIRCUITS LAB,O,2
16T91A0425,R1631047,LINEAR I C APPLICATIONS LAB,S,2
16T91A0425,R1631048,DIGITAL I C APPLICATIONS LAB,S,2
16T91A0426,R1631041,COMPUTER ARCHITECTURE AND ORGANIZATION,F,0
16T91A0426,R1631042,LINEAR IC APPLICATIONS,F,0
16T91A0426,R1631043,DIGITAL IC APPLICATIONS,B,3
16T91A0426,R1631044,DIGITAL COMMUNICATIONS,D,3
16T91A0426,R1631045,ANTENNA AND WAVE PROPAGATION,F,0
16T91A0426,R1631046,PULSE AND DIGITAL CIRCUITS LAB,S,2
16T91A0426,R1631047,LINEAR I C APPLICATIONS LAB,S,2
Htno,Subcode,Subname,Grade,Credits
16T91A0426,R1631048,DIGITAL I C APPLICATIONS LAB,S,2
16T91A0429,R1631041,COMPUTER ARCHITECTURE AND ORGANIZATION,C,3
16T91A0429,R1631042,LINEAR IC APPLICATIONS,A,3
16T91A0429,R1631043,DIGITAL IC APPLICATIONS,B,3
16T91A0429,R1631044,DIGITAL COMMUNICATIONS,B,3
16T91A0429,R1631045,ANTENNA AND WAVE PROPAGATION,A,3
16T91A0429,R1631046,PULSE AND DIGITAL CIRCUITS LAB,O,2
16T91A0429,R1631047,LINEAR I C APPLICATIONS LAB,O,2
16T91A0429,R1631048,DIGITAL I C APPLICATIONS LAB,O,2
16T91A0430,R1631041,COMPUTER ARCHITECTURE AND ORGANIZATION,C,3
16T91A0430,R1631042,LINEAR IC APPLICATIONS,F,0
16T91A0430,R1631043,DIGITAL IC APPLICATIONS,F,0
16T91A0430,R1631044,DIGITAL COMMUNICATIONS,F,0
16T91A0430,R1631045,ANTENNA AND WAVE PROPAGATION,F,0
16T91A0430,R1631046,PULSE AND DIGITAL CIRCUITS LAB,S,2
16T91A0430,R1631047,LINEAR I C APPLICATIONS LAB,O,2
16T91A0430,R1631048,DIGITAL I C APPLICATIONS LAB,A,2
16T91A0431,R1631041,COMPUTER ARCHITECTURE AND ORGANIZATION,ABSENT,0
16T91A0431,R1631042,LINEAR IC APPLICATIONS,F,0
16T91A0431,R1631043,DIGITAL IC APPLICATIONS,F,0
16T91A0431,R1631044,DIGITAL COMMUNICATIONS,F,0
16T91A0431,R1631045,ANTENNA AND WAVE PROPAGATION,F,0
16T91A0431,R1631046,PULSE AND DIGITAL CIRCUITS LAB,S,2
16T91A0431,R1631047,LINEAR I C APPLICATIONS LAB,S,2
16T91A0431,R1631048,DIGITAL I C APPLICATIONS LAB,S,2
16T91A0432,R1631041,COMPUTER ARCHITECTURE AND ORGANIZATION,F,0
16T91A0432,R1631042,LINEAR IC APPLICATIONS,C,3
16T91A0432,R1631043,DIGITAL IC APPLICATIONS,B,3
16T91A0432,R1631044,DIGITAL COMMUNICATIONS,C,3
16T91A0432,R1631045,ANTENNA AND WAVE PROPAGATION,F,0
16T91A0432,R1631046,PULSE AND DIGITAL CIRCUITS LAB,S,2
16T91A0432,R1631047,LINEAR I C APPLICATIONS LAB,O,2
16T91A0432,R1631048,DIGITAL I C APPLICATIONS LAB,O,2
16T91A0433,R1631041,COMPUTER ARCHITECTURE AND ORGANIZATION,F,0
16T91A0433,R1631042,LINEAR IC APPLICATIONS,F,0
16T91A0433,R1631043,DIGITAL IC APPLICATIONS,F,0
16T91A0433,R1631044,DIGITAL COMMUNICATIONS,F,0
16T91A0433,R1631045,ANTENNA AND WAVE PROPAGATION,D,3
16T91A0433,R1631046,PULSE AND DIGITAL CIRCUITS LAB,A,2
16T91A0433,R1631047,LINEAR I C APPLICATIONS LAB,B,2
16T91A0433,R1631048,DIGITAL I C APPLICATIONS LAB,A,2
16T91A0434,R1631041,COMPUTER ARCHITECTURE AND ORGANIZATION,C,3
16T91A0434,R1631042,LINEAR IC APPLICATIONS,D,3
16T91A0434,R1631043,DIGITAL IC APPLICATIONS,D,3
16T91A0434,R1631044,DIGITAL COMMUNICATIONS,B,3
16T91A0434,R1631045,ANTENNA AND WAVE PROPAGATION,D,3
16T91A0434,R1631046,PULSE AND DIGITAL CIRCUITS LAB,O,2
16T91A0434,R1631047,LINEAR I C APPLICATIONS LAB,O,2
16T91A0434,R1631048,DIGITAL I C APPLICATIONS LAB,S,2
16T91A0435,R1631041,COMPUTER ARCHITECTURE AND ORGANIZATION,D,3
16T91A0435,R1631042,LINEAR IC APPLICATIONS,C,3
Htno,Subcode,Subname,Grade,Credits
16T91A0435,R1631043,DIGITAL IC APPLICATIONS,C,3
16T91A0435,R1631044,DIGITAL COMMUNICATIONS,C,3
16T91A0435,R1631045,ANTENNA AND WAVE PROPAGATION,F,0
16T91A0435,R1631046,PULSE AND DIGITAL CIRCUITS LAB,O,2
16T91A0435,R1631047,LINEAR I C APPLICATIONS LAB,O,2
16T91A0435,R1631048,DIGITAL I C APPLICATIONS LAB,O,2
16T91A0436,R1631041,COMPUTER ARCHITECTURE AND ORGANIZATION,F,0
16T91A0436,R1631042,LINEAR IC APPLICATIONS,F,0
16T91A0436,R1631043,DIGITAL IC APPLICATIONS,B,3
16T91A0436,R1631044,DIGITAL COMMUNICATIONS,D,3
16T91A0436,R1631045,ANTENNA AND WAVE PROPAGATION,F,0
16T91A0436,R1631046,PULSE AND DIGITAL CIRCUITS LAB,S,2
16T91A0436,R1631047,LINEAR I C APPLICATIONS LAB,S,2
16T91A0436,R1631048,DIGITAL I C APPLICATIONS LAB,S,2
16T91A0437,R1631041,COMPUTER ARCHITECTURE AND ORGANIZATION,F,0
16T91A0437,R1631042,LINEAR IC APPLICATIONS,F,0
16T91A0437,R1631043,DIGITAL IC APPLICATIONS,D,3
16T91A0437,R1631044,DIGITAL COMMUNICATIONS,F,0
16T91A0437,R1631045,ANTENNA AND WAVE PROPAGATION,D,3
16T91A0437,R1631046,PULSE AND DIGITAL CIRCUITS LAB,O,2
16T91A0437,R1631047,LINEAR I C APPLICATIONS LAB,S,2
16T91A0437,R1631048,DIGITAL I C APPLICATIONS LAB,S,2
16T91A0438,R1631041,COMPUTER ARCHITECTURE AND ORGANIZATION,F,0
16T91A0438,R1631042,LINEAR IC APPLICATIONS,ABSENT,0
16T91A0438,R1631043,DIGITAL IC APPLICATIONS,F,0
16T91A0438,R1631044,DIGITAL COMMUNICATIONS,F,0
16T91A0438,R1631045,ANTENNA AND WAVE PROPAGATION,F,0
16T91A0438,R1631046,PULSE AND DIGITAL CIRCUITS LAB,A,2
16T91A0438,R1631047,LINEAR I C APPLICATIONS LAB,B,2
16T91A0438,R1631048,DIGITAL I C APPLICATIONS LAB,A,2
16T91A0440,R1631041,COMPUTER ARCHITECTURE AND ORGANIZATION,C,3
16T91A0440,R1631042,LINEAR IC APPLICATIONS,B,3
16T91A0440,R1631043,DIGITAL IC APPLICATIONS,S,3
16T91A0440,R1631044,DIGITAL COMMUNICATIONS,B,3
16T91A0440,R1631045,ANTENNA AND WAVE PROPAGATION,C,3
16T91A0440,R1631046,PULSE AND DIGITAL CIRCUITS LAB,O,2
16T91A0440,R1631047,LINEAR I C APPLICATIONS LAB,O,2
16T91A0440,R1631048,DIGITAL I C APPLICATIONS LAB,O,2
16T91A0442,R1631041,COMPUTER ARCHITECTURE AND ORGANIZATION,F,0
16T91A0442,R1631042,LINEAR IC APPLICATIONS,F,0
16T91A0442,R1631043,DIGITAL IC APPLICATIONS,B,3
16T91A0442,R1631044,DIGITAL COMMUNICATIONS,F,0
16T91A0442,R1631045,ANTENNA AND WAVE PROPAGATION,F,0
16T91A0442,R1631046,PULSE AND DIGITAL CIRCUITS LAB,A,2
16T91A0442,R1631047,LINEAR I C APPLICATIONS LAB,B,2
16T91A0442,R1631048,DIGITAL I C APPLICATIONS LAB,S,2
16T91A0443,R1631041,COMPUTER ARCHITECTURE AND ORGANIZATION,D,3
16T91A0443,R1631042,LINEAR IC APPLICATIONS,B,3
16T91A0443,R1631043,DIGITAL IC APPLICATIONS,B,3
16T91A0443,R1631044,DIGITAL COMMUNICATIONS,B,3
16T91A0443,R1631045,ANTENNA AND WAVE PROPAGATION,C,3
Htno,Subcode,Subname,Grade,Credits
16T91A0443,R1631046,PULSE AND DIGITAL CIRCUITS LAB,A,2
16T91A0443,R1631047,LINEAR I C APPLICATIONS LAB,S,2
16T91A0443,R1631048,DIGITAL I C APPLICATIONS LAB,S,2
16T91A0445,R1631041,COMPUTER ARCHITECTURE AND ORGANIZATION,C,3
16T91A0445,R1631042,LINEAR IC APPLICATIONS,F,0
16T91A0445,R1631043,DIGITAL IC APPLICATIONS,F,0
16T91A0445,R1631044,DIGITAL COMMUNICATIONS,F,0
16T91A0445,R1631045,ANTENNA AND WAVE PROPAGATION,F,0
16T91A0445,R1631046,PULSE AND DIGITAL CIRCUITS LAB,O,2
16T91A0445,R1631047,LINEAR I C APPLICATIONS LAB,S,2
16T91A0445,R1631048,DIGITAL I C APPLICATIONS LAB,A,2
16T91A0446,R1631041,COMPUTER ARCHITECTURE AND ORGANIZATION,C,3
16T91A0446,R1631042,LINEAR IC APPLICATIONS,B,3
16T91A0446,R1631043,DIGITAL IC APPLICATIONS,S,3
16T91A0446,R1631044,DIGITAL COMMUNICATIONS,A,3
16T91A0446,R1631045,ANTENNA AND WAVE PROPAGATION,C,3
16T91A0446,R1631046,PULSE AND DIGITAL CIRCUITS LAB,O,2
16T91A0446,R1631047,LINEAR I C APPLICATIONS LAB,O,2
16T91A0446,R1631048,DIGITAL I C APPLICATIONS LAB,O,2
16T91A0448,R1631041,COMPUTER ARCHITECTURE AND ORGANIZATION,F,0
16T91A0448,R1631042,LINEAR IC APPLICATIONS,F,0
16T91A0448,R1631043,DIGITAL IC APPLICATIONS,C,3
16T91A0448,R1631044,DIGITAL COMMUNICATIONS,D,3
16T91A0448,R1631045,ANTENNA AND WAVE PROPAGATION,F,0
16T91A0448,R1631046,PULSE AND DIGITAL CIRCUITS LAB,A,2
16T91A0448,R1631047,LINEAR I C APPLICATIONS LAB,A,2
16T91A0448,R1631048,DIGITAL I C APPLICATIONS LAB,A,2
16T91A0449,R1631041,COMPUTER ARCHITECTURE AND ORGANIZATION,F,0
16T91A0449,R1631042,LINEAR IC APPLICATIONS,F,0
16T91A0449,R1631043,DIGITAL IC APPLICATIONS,F,0
16T91A0449,R1631044,DIGITAL COMMUNICATIONS,F,0
16T91A0449,R1631045,ANTENNA AND WAVE PROPAGATION,D,3
16T91A0449,R1631046,PULSE AND DIGITAL CIRCUITS LAB,O,2
16T91A0449,R1631047,LINEAR I C APPLICATIONS LAB,A,2
16T91A0449,R1631048,DIGITAL I C APPLICATIONS LAB,A,2
16T91A0450,R1631041,COMPUTER ARCHITECTURE AND ORGANIZATION,B,3
16T91A0450,R1631042,LINEAR IC APPLICATIONS,F,0
16T91A0450,R1631043,DIGITAL IC APPLICATIONS,F,0
16T91A0450,R1631044,DIGITAL COMMUNICATIONS,F,0
16T91A0450,R1631045,ANTENNA AND WAVE PROPAGATION,F,0
16T91A0450,R1631046,PULSE AND DIGITAL CIRCUITS LAB,S,2
16T91A0450,R1631047,LINEAR I C APPLICATIONS LAB,A,2
16T91A0450,R1631048,DIGITAL I C APPLICATIONS LAB,S,2
16T91A0451,R1631041,COMPUTER ARCHITECTURE AND ORGANIZATION,A,3
16T91A0451,R1631042,LINEAR IC APPLICATIONS,A,3
16T91A0451,R1631043,DIGITAL IC APPLICATIONS,S,3
16T91A0451,R1631044,DIGITAL COMMUNICATIONS,A,3
16T91A0451,R1631045,ANTENNA AND WAVE PROPAGATION,C,3
16T91A0451,R1631046,PULSE AND DIGITAL CIRCUITS LAB,O,2
16T91A0451,R1631047,LINEAR I C APPLICATIONS LAB,O,2
16T91A0451,R1631048,DIGITAL I C APPLICATIONS LAB,O,2
Htno,Subcode,Subname,Grade,Credits
16T91A0452,R1631041,COMPUTER ARCHITECTURE AND ORGANIZATION,C,3
16T91A0452,R1631042,LINEAR IC APPLICATIONS,C,3
16T91A0452,R1631043,DIGITAL IC APPLICATIONS,A,3
16T91A0452,R1631044,DIGITAL COMMUNICATIONS,B,3
16T91A0452,R1631045,ANTENNA AND WAVE PROPAGATION,C,3
16T91A0452,R1631046,PULSE AND DIGITAL CIRCUITS LAB,O,2
16T91A0452,R1631047,LINEAR I C APPLICATIONS LAB,O,2
16T91A0452,R1631048,DIGITAL I C APPLICATIONS LAB,O,2
16T91A0453,R1631041,COMPUTER ARCHITECTURE AND ORGANIZATION,D,3
16T91A0453,R1631042,LINEAR IC APPLICATIONS,C,3
16T91A0453,R1631043,DIGITAL IC APPLICATIONS,B,3
16T91A0453,R1631044,DIGITAL COMMUNICATIONS,B,3
16T91A0453,R1631045,ANTENNA AND WAVE PROPAGATION,C,3
16T91A0453,R1631046,PULSE AND DIGITAL CIRCUITS LAB,S,2
16T91A0453,R1631047,LINEAR I C APPLICATIONS LAB,O,2
16T91A0453,R1631048,DIGITAL I C APPLICATIONS LAB,O,2
16T91A0455,R1631041,COMPUTER ARCHITECTURE AND ORGANIZATION,C,3
16T91A0455,R1631042,LINEAR IC APPLICATIONS,F,0
16T91A0455,R1631043,DIGITAL IC APPLICATIONS,F,0
16T91A0455,R1631044,DIGITAL COMMUNICATIONS,D,3
16T91A0455,R1631045,ANTENNA AND WAVE PROPAGATION,D,3
16T91A0455,R1631046,PULSE AND DIGITAL CIRCUITS LAB,O,2
16T91A0455,R1631047,LINEAR I C APPLICATIONS LAB,A,2
16T91A0455,R1631048,DIGITAL I C APPLICATIONS LAB,S,2
16T91A0456,R1631041,COMPUTER ARCHITECTURE AND ORGANIZATION,F,0
16T91A0456,R1631042,LINEAR IC APPLICATIONS,D,3
16T91A0456,R1631043,DIGITAL IC APPLICATIONS,B,3
16T91A0456,R1631044,DIGITAL COMMUNICATIONS,D,3
16T91A0456,R1631045,ANTENNA AND WAVE PROPAGATION,F,0
16T91A0456,R1631046,PULSE AND DIGITAL CIRCUITS LAB,A,2
16T91A0456,R1631047,LINEAR I C APPLICATIONS LAB,B,2
16T91A0456,R1631048,DIGITAL I C APPLICATIONS LAB,A,2
16T91A0459,R1631041,COMPUTER ARCHITECTURE AND ORGANIZATION,C,3
16T91A0459,R1631042,LINEAR IC APPLICATIONS,S,3
16T91A0459,R1631043,DIGITAL IC APPLICATIONS,O,3
16T91A0459,R1631044,DIGITAL COMMUNICATIONS,B,3
16T91A0459,R1631045,ANTENNA AND WAVE PROPAGATION,B,3
16T91A0459,R1631046,PULSE AND DIGITAL CIRCUITS LAB,O,2
16T91A0459,R1631047,LINEAR I C APPLICATIONS LAB,O,2
16T91A0459,R1631048,DIGITAL I C APPLICATIONS LAB,O,2
16T91A0460,R1631041,COMPUTER ARCHITECTURE AND ORGANIZATION,D,3
16T91A0460,R1631042,LINEAR IC APPLICATIONS,D,3
16T91A0460,R1631043,DIGITAL IC APPLICATIONS,D,3
16T91A0460,R1631044,DIGITAL COMMUNICATIONS,F,0
16T91A0460,R1631045,ANTENNA AND WAVE PROPAGATION,C,3
16T91A0460,R1631046,PULSE AND DIGITAL CIRCUITS LAB,O,2
16T91A0460,R1631047,LINEAR I C APPLICATIONS LAB,A,2
16T91A0460,R1631048,DIGITAL I C APPLICATIONS LAB,S,2
16T91A0463,R1631041,COMPUTER ARCHITECTURE AND ORGANIZATION,B,3
16T91A0463,R1631042,LINEAR IC APPLICATIONS,C,3
16T91A0463,R1631043,DIGITAL IC APPLICATIONS,F,0
Htno,Subcode,Subname,Grade,Credits
16T91A0463,R1631044,DIGITAL COMMUNICATIONS,C,3
16T91A0463,R1631045,ANTENNA AND WAVE PROPAGATION,D,3
16T91A0463,R1631046,PULSE AND DIGITAL CIRCUITS LAB,O,2
16T91A0463,R1631047,LINEAR I C APPLICATIONS LAB,S,2
16T91A0463,R1631048,DIGITAL I C APPLICATIONS LAB,O,2
16T91A0464,R1631041,COMPUTER ARCHITECTURE AND ORGANIZATION,C,3
16T91A0464,R1631042,LINEAR IC APPLICATIONS,C,3
16T91A0464,R1631043,DIGITAL IC APPLICATIONS,A,3
16T91A0464,R1631044,DIGITAL COMMUNICATIONS,A,3
16T91A0464,R1631045,ANTENNA AND WAVE PROPAGATION,F,0
16T91A0464,R1631046,PULSE AND DIGITAL CIRCUITS LAB,A,2
16T91A0464,R1631047,LINEAR I C APPLICATIONS LAB,S,2
16T91A0464,R1631048,DIGITAL I C APPLICATIONS LAB,S,2
16T91A0465,R1631041,COMPUTER ARCHITECTURE AND ORGANIZATION,F,0
16T91A0465,R1631042,LINEAR IC APPLICATIONS,F,0
16T91A0465,R1631043,DIGITAL IC APPLICATIONS,A,3
16T91A0465,R1631044,DIGITAL COMMUNICATIONS,D,3
16T91A0465,R1631045,ANTENNA AND WAVE PROPAGATION,F,0
16T91A0465,R1631046,PULSE AND DIGITAL CIRCUITS LAB,S,2
16T91A0465,R1631047,LINEAR I C APPLICATIONS LAB,S,2
16T91A0465,R1631048,DIGITAL I C APPLICATIONS LAB,A,2
16T91A0466,R1631041,COMPUTER ARCHITECTURE AND ORGANIZATION,F,0
16T91A0466,R1631042,LINEAR IC APPLICATIONS,F,0
16T91A0466,R1631043,DIGITAL IC APPLICATIONS,F,0
16T91A0466,R1631044,DIGITAL COMMUNICATIONS,F,0
16T91A0466,R1631045,ANTENNA AND WAVE PROPAGATION,D,3
16T91A0466,R1631046,PULSE AND DIGITAL CIRCUITS LAB,A,2
16T91A0466,R1631047,LINEAR I C APPLICATIONS LAB,B,2
16T91A0466,R1631048,DIGITAL I C APPLICATIONS LAB,A,2
16T91A0467,R1631041,COMPUTER ARCHITECTURE AND ORGANIZATION,B,3
16T91A0467,R1631042,LINEAR IC APPLICATIONS,B,3
16T91A0467,R1631043,DIGITAL IC APPLICATIONS,B,3
16T91A0467,R1631044,DIGITAL COMMUNICATIONS,O,3
16T91A0467,R1631045,ANTENNA AND WAVE PROPAGATION,A,3
16T91A0467,R1631046,PULSE AND DIGITAL CIRCUITS LAB,O,2
16T91A0467,R1631047,LINEAR I C APPLICATIONS LAB,O,2
16T91A0467,R1631048,DIGITAL I C APPLICATIONS LAB,O,2
16T91A0468,R1631041,COMPUTER ARCHITECTURE AND ORGANIZATION,F,0
16T91A0468,R1631042,LINEAR IC APPLICATIONS,F,0
16T91A0468,R1631043,DIGITAL IC APPLICATIONS,F,0
16T91A0468,R1631044,DIGITAL COMMUNICATIONS,F,0
16T91A0468,R1631045,ANTENNA AND WAVE PROPAGATION,F,0
16T91A0468,R1631046,PULSE AND DIGITAL CIRCUITS LAB,A,2
16T91A0468,R1631047,LINEAR I C APPLICATIONS LAB,B,2
16T91A0468,R1631048,DIGITAL I C APPLICATIONS LAB,A,2
16T91A0501,R1631051,COMPILER DESIGN,A,3
16T91A0501,R1631052,UNIX AND SHELL PROGRAMMING,A,3
16T91A0501,R1631053,OBJECT ORIENTED ANALYSIS AND DESIGN USIN,A,3
16T91A0501,R1631054,DATABASE MANAGEMENT SYSTEMS,A,3
16T91A0501,R1631055,OPERATING SYSTEMS,C,3
16T91A0501,R1631056,UNIFIED MODELING LAB,O,2
Htno,Subcode,Subname,Grade,Credits
16T91A0501,R1631057,OPERATING SYSTEM & LINUX PROGRAMMING LAB,O,2
16T91A0501,R1631058,DATABASE MANAGEMENT SYSTEM LAB,O,2
16T91A0502,R1631051,COMPILER DESIGN,F,0
16T91A0502,R1631052,UNIX AND SHELL PROGRAMMING,D,3
16T91A0502,R1631053,OBJECT ORIENTED ANALYSIS AND DESIGN USIN,D,3
16T91A0502,R1631054,DATABASE MANAGEMENT SYSTEMS,F,0
16T91A0502,R1631055,OPERATING SYSTEMS,D,3
16T91A0502,R1631056,UNIFIED MODELING LAB,O,2
16T91A0502,R1631057,OPERATING SYSTEM & LINUX PROGRAMMING LAB,S,2
16T91A0502,R1631058,DATABASE MANAGEMENT SYSTEM LAB,S,2
16T91A0503,R1631051,COMPILER DESIGN,B,3
16T91A0503,R1631052,UNIX AND SHELL PROGRAMMING,B,3
16T91A0503,R1631053,OBJECT ORIENTED ANALYSIS AND DESIGN USIN,B,3
16T91A0503,R1631054,DATABASE MANAGEMENT SYSTEMS,B,3
16T91A0503,R1631055,OPERATING SYSTEMS,C,3
16T91A0503,R1631056,UNIFIED MODELING LAB,O,2
16T91A0503,R1631057,OPERATING SYSTEM & LINUX PROGRAMMING LAB,O,2
16T91A0503,R1631058,DATABASE MANAGEMENT SYSTEM LAB,O,2
16T91A0504,R1631051,COMPILER DESIGN,F,0
16T91A0504,R1631052,UNIX AND SHELL PROGRAMMING,A,3
16T91A0504,R1631053,OBJECT ORIENTED ANALYSIS AND DESIGN USIN,B,3
16T91A0504,R1631054,DATABASE MANAGEMENT SYSTEMS,F,0
16T91A0504,R1631055,OPERATING SYSTEMS,C,3
16T91A0504,R1631056,UNIFIED MODELING LAB,O,2
16T91A0504,R1631057,OPERATING SYSTEM & LINUX PROGRAMMING LAB,O,2
16T91A0504,R1631058,DATABASE MANAGEMENT SYSTEM LAB,O,2
16T91A0505,R1631051,COMPILER DESIGN,D,3
16T91A0505,R1631052,UNIX AND SHELL PROGRAMMING,B,3
16T91A0505,R1631053,OBJECT ORIENTED ANALYSIS AND DESIGN USIN,F,0
16T91A0505,R1631054,DATABASE MANAGEMENT SYSTEMS,D,3
16T91A0505,R1631055,OPERATING SYSTEMS,F,0
16T91A0505,R1631056,UNIFIED MODELING LAB,S,2
16T91A0505,R1631057,OPERATING SYSTEM & LINUX PROGRAMMING LAB,A,2
16T91A0505,R1631058,DATABASE MANAGEMENT SYSTEM LAB,S,2
16T91A0507,R1631051,COMPILER DESIGN,F,0
16T91A0507,R1631052,UNIX AND SHELL PROGRAMMING,F,0
16T91A0507,R1631053,OBJECT ORIENTED ANALYSIS AND DESIGN USIN,F,0
16T91A0507,R1631054,DATABASE MANAGEMENT SYSTEMS,F,0
16T91A0507,R1631055,OPERATING SYSTEMS,D,3
16T91A0507,R1631056,UNIFIED MODELING LAB,S,2
16T91A0507,R1631057,OPERATING SYSTEM & LINUX PROGRAMMING LAB,S,2
16T91A0507,R1631058,DATABASE MANAGEMENT SYSTEM LAB,A,2
16T91A0508,R1631051,COMPILER DESIGN,D,3
16T91A0508,R1631052,UNIX AND SHELL PROGRAMMING,F,0
16T91A0508,R1631053,OBJECT ORIENTED ANALYSIS AND DESIGN USIN,F,0
16T91A0508,R1631054,DATABASE MANAGEMENT SYSTEMS,F,0
16T91A0508,R1631055,OPERATING SYSTEMS,F,0
16T91A0508,R1631056,UNIFIED MODELING LAB,O,2
16T91A0508,R1631057,OPERATING SYSTEM & LINUX PROGRAMMING LAB,O,2
16T91A0508,R1631058,DATABASE MANAGEMENT SYSTEM LAB,O,2
16T91A0509,R1631051,COMPILER DESIGN,F,0
Htno,Subcode,Subname,Grade,Credits
16T91A0509,R1631052,UNIX AND SHELL PROGRAMMING,B,3
16T91A0509,R1631053,OBJECT ORIENTED ANALYSIS AND DESIGN USIN,F,0
16T91A0509,R1631054,DATABASE MANAGEMENT SYSTEMS,C,3
16T91A0509,R1631055,OPERATING SYSTEMS,C,3
16T91A0509,R1631056,UNIFIED MODELING LAB,O,2
16T91A0509,R1631057,OPERATING SYSTEM & LINUX PROGRAMMING LAB,O,2
16T91A0509,R1631058,DATABASE MANAGEMENT SYSTEM LAB,O,2
16T91A0510,R1631051,COMPILER DESIGN,B,3
16T91A0510,R1631052,UNIX AND SHELL PROGRAMMING,A,3
16T91A0510,R1631053,OBJECT ORIENTED ANALYSIS AND DESIGN USIN,B,3
16T91A0510,R1631054,DATABASE MANAGEMENT SYSTEMS,B,3
16T91A0510,R1631055,OPERATING SYSTEMS,C,3
16T91A0510,R1631056,UNIFIED MODELING LAB,O,2
16T91A0510,R1631057,OPERATING SYSTEM & LINUX PROGRAMMING LAB,O,2
16T91A0510,R1631058,DATABASE MANAGEMENT SYSTEM LAB,O,2
16T91A0511,R1631051,COMPILER DESIGN,D,3
16T91A0511,R1631052,UNIX AND SHELL PROGRAMMING,F,0
16T91A0511,R1631053,OBJECT ORIENTED ANALYSIS AND DESIGN USIN,F,0
16T91A0511,R1631054,DATABASE MANAGEMENT SYSTEMS,F,0
16T91A0511,R1631055,OPERATING SYSTEMS,F,0
16T91A0511,R1631056,UNIFIED MODELING LAB,S,2
16T91A0511,R1631057,OPERATING SYSTEM & LINUX PROGRAMMING LAB,A,2
16T91A0511,R1631058,DATABASE MANAGEMENT SYSTEM LAB,S,2
16T91A0512,R1631051,COMPILER DESIGN,C,3
16T91A0512,R1631052,UNIX AND SHELL PROGRAMMING,B,3
16T91A0512,R1631053,OBJECT ORIENTED ANALYSIS AND DESIGN USIN,C,3
16T91A0512,R1631054,DATABASE MANAGEMENT SYSTEMS,C,3
16T91A0512,R1631055,OPERATING SYSTEMS,D,3
16T91A0512,R1631056,UNIFIED MODELING LAB,O,2
16T91A0512,R1631057,OPERATING SYSTEM & LINUX PROGRAMMING LAB,O,2
16T91A0512,R1631058,DATABASE MANAGEMENT SYSTEM LAB,O,2
16T91A0514,R1631051,COMPILER DESIGN,F,0
16T91A0514,R1631052,UNIX AND SHELL PROGRAMMING,B,3
16T91A0514,R1631053,OBJECT ORIENTED ANALYSIS AND DESIGN USIN,D,3
16T91A0514,R1631054,DATABASE MANAGEMENT SYSTEMS,F,0
16T91A0514,R1631055,OPERATING SYSTEMS,F,0
16T91A0514,R1631056,UNIFIED MODELING LAB,S,2
16T91A0514,R1631057,OPERATING SYSTEM & LINUX PROGRAMMING LAB,A,2
16T91A0514,R1631058,DATABASE MANAGEMENT SYSTEM LAB,A,2
16T91A0515,R1631051,COMPILER DESIGN,D,3
16T91A0515,R1631052,UNIX AND SHELL PROGRAMMING,B,3
16T91A0515,R1631053,OBJECT ORIENTED ANALYSIS AND DESIGN USIN,C,3
16T91A0515,R1631054,DATABASE MANAGEMENT SYSTEMS,D,3
16T91A0515,R1631055,OPERATING SYSTEMS,D,3
16T91A0515,R1631056,UNIFIED MODELING LAB,O,2
16T91A0515,R1631057,OPERATING SYSTEM & LINUX PROGRAMMING LAB,S,2
16T91A0515,R1631058,DATABASE MANAGEMENT SYSTEM LAB,A,2
16T91A0516,R1631051,COMPILER DESIGN,D,3
16T91A0516,R1631052,UNIX AND SHELL PROGRAMMING,D,3
16T91A0516,R1631053,OBJECT ORIENTED ANALYSIS AND DESIGN USIN,C,3
16T91A0516,R1631054,DATABASE MANAGEMENT SYSTEMS,F,0
Htno,Subcode,Subname,Grade,Credits
16T91A0516,R1631055,OPERATING SYSTEMS,C,3
16T91A0516,R1631056,UNIFIED MODELING LAB,O,2
16T91A0516,R1631057,OPERATING SYSTEM & LINUX PROGRAMMING LAB,S,2
16T91A0516,R1631058,DATABASE MANAGEMENT SYSTEM LAB,S,2
16T91A0517,R1631051,COMPILER DESIGN,C,3
16T91A0517,R1631052,UNIX AND SHELL PROGRAMMING,F,0
16T91A0517,R1631053,OBJECT ORIENTED ANALYSIS AND DESIGN USIN,F,0
16T91A0517,R1631054,DATABASE MANAGEMENT SYSTEMS,D,3
16T91A0517,R1631055,OPERATING SYSTEMS,D,3
16T91A0517,R1631056,UNIFIED MODELING LAB,O,2
16T91A0517,R1631057,OPERATING SYSTEM & LINUX PROGRAMMING LAB,S,2
16T91A0517,R1631058,DATABASE MANAGEMENT SYSTEM LAB,S,2
16T91A0518,R1631051,COMPILER DESIGN,F,0
16T91A0518,R1631052,UNIX AND SHELL PROGRAMMING,F,0
16T91A0518,R1631053,OBJECT ORIENTED ANALYSIS AND DESIGN USIN,F,0
16T91A0518,R1631054,DATABASE MANAGEMENT SYSTEMS,F,0
16T91A0518,R1631055,OPERATING SYSTEMS,F,0
16T91A0518,R1631056,UNIFIED MODELING LAB,S,2
16T91A0518,R1631057,OPERATING SYSTEM & LINUX PROGRAMMING LAB,A,2
16T91A0518,R1631058,DATABASE MANAGEMENT SYSTEM LAB,A,2
16T91A0519,R1631051,COMPILER DESIGN,A,3
16T91A0519,R1631052,UNIX AND SHELL PROGRAMMING,A,3
16T91A0519,R1631053,OBJECT ORIENTED ANALYSIS AND DESIGN USIN,C,3
16T91A0519,R1631054,DATABASE MANAGEMENT SYSTEMS,C,3
16T91A0519,R1631055,OPERATING SYSTEMS,B,3
16T91A0519,R1631056,UNIFIED MODELING LAB,O,2
16T91A0519,R1631057,OPERATING SYSTEM & LINUX PROGRAMMING LAB,O,2
16T91A0519,R1631058,DATABASE MANAGEMENT SYSTEM LAB,O,2
16T91A0520,R1631051,COMPILER DESIGN,F,0
16T91A0520,R1631052,UNIX AND SHELL PROGRAMMING,F,0
16T91A0520,R1631053,OBJECT ORIENTED ANALYSIS AND DESIGN USIN,F,0
16T91A0520,R1631054,DATABASE MANAGEMENT SYSTEMS,F,0
16T91A0520,R1631055,OPERATING SYSTEMS,F,0
16T91A0520,R1631056,UNIFIED MODELING LAB,S,2
16T91A0520,R1631057,OPERATING SYSTEM & LINUX PROGRAMMING LAB,A,2
16T91A0520,R1631058,DATABASE MANAGEMENT SYSTEM LAB,A,2
16T91A0521,R1631051,COMPILER DESIGN,F,0
16T91A0521,R1631052,UNIX AND SHELL PROGRAMMING,ABSENT,0
16T91A0521,R1631053,OBJECT ORIENTED ANALYSIS AND DESIGN USIN,ABSENT,0
16T91A0521,R1631054,DATABASE MANAGEMENT SYSTEMS,ABSENT,0
16T91A0521,R1631055,OPERATING SYSTEMS,ABSENT,0
16T91A0521,R1631056,UNIFIED MODELING LAB,ABSENT,0
16T91A0521,R1631057,OPERATING SYSTEM & LINUX PROGRAMMING LAB,ABSENT,0
16T91A0521,R1631058,DATABASE MANAGEMENT SYSTEM LAB,ABSENT,0
16T91A0522,R1631051,COMPILER DESIGN,C,3
16T91A0522,R1631052,UNIX AND SHELL PROGRAMMING,A,3
16T91A0522,R1631053,OBJECT ORIENTED ANALYSIS AND DESIGN USIN,C,3
16T91A0522,R1631054,DATABASE MANAGEMENT SYSTEMS,D,3
16T91A0522,R1631055,OPERATING SYSTEMS,B,3
16T91A0522,R1631056,UNIFIED MODELING LAB,O,2
16T91A0522,R1631057,OPERATING SYSTEM & LINUX PROGRAMMING LAB,O,2
Htno,Subcode,Subname,Grade,Credits
16T91A0522,R1631058,DATABASE MANAGEMENT SYSTEM LAB,O,2
16T91A0523,R1631051,COMPILER DESIGN,C,3
16T91A0523,R1631052,UNIX AND SHELL PROGRAMMING,C,3
16T91A0523,R1631053,OBJECT ORIENTED ANALYSIS AND DESIGN USIN,D,3
16T91A0523,R1631054,DATABASE MANAGEMENT SYSTEMS,D,3
16T91A0523,R1631055,OPERATING SYSTEMS,C,3
16T91A0523,R1631056,UNIFIED MODELING LAB,S,2
16T91A0523,R1631057,OPERATING SYSTEM & LINUX PROGRAMMING LAB,B,2
16T91A0523,R1631058,DATABASE MANAGEMENT SYSTEM LAB,A,2
16T91A0524,R1631051,COMPILER DESIGN,F,0
16T91A0524,R1631052,UNIX AND SHELL PROGRAMMING,C,3
16T91A0524,R1631053,OBJECT ORIENTED ANALYSIS AND DESIGN USIN,C,3
16T91A0524,R1631054,DATABASE MANAGEMENT SYSTEMS,D,3
16T91A0524,R1631055,OPERATING SYSTEMS,D,3
16T91A0524,R1631056,UNIFIED MODELING LAB,O,2
16T91A0524,R1631057,OPERATING SYSTEM & LINUX PROGRAMMING LAB,S,2
16T91A0524,R1631058,DATABASE MANAGEMENT SYSTEM LAB,S,2
16T91A0525,R1631051,COMPILER DESIGN,C,3
16T91A0525,R1631052,UNIX AND SHELL PROGRAMMING,D,3
16T91A0525,R1631053,OBJECT ORIENTED ANALYSIS AND DESIGN USIN,D,3
16T91A0525,R1631054,DATABASE MANAGEMENT SYSTEMS,C,3
16T91A0525,R1631055,OPERATING SYSTEMS,C,3
16T91A0525,R1631056,UNIFIED MODELING LAB,O,2
16T91A0525,R1631057,OPERATING SYSTEM & LINUX PROGRAMMING LAB,O,2
16T91A0525,R1631058,DATABASE MANAGEMENT SYSTEM LAB,O,2
16T91A0526,R1631051,COMPILER DESIGN,F,0
16T91A0526,R1631052,UNIX AND SHELL PROGRAMMING,B,3
16T91A0526,R1631053,OBJECT ORIENTED ANALYSIS AND DESIGN USIN,C,3
16T91A0526,R1631054,DATABASE MANAGEMENT SYSTEMS,F,0
16T91A0526,R1631055,OPERATING SYSTEMS,C,3
16T91A0526,R1631056,UNIFIED MODELING LAB,O,2
16T91A0526,R1631057,OPERATING SYSTEM & LINUX PROGRAMMING LAB,O,2
16T91A0526,R1631058,DATABASE MANAGEMENT SYSTEM LAB,O,2
16T91A0528,R1631051,COMPILER DESIGN,C,3
16T91A0528,R1631052,UNIX AND SHELL PROGRAMMING,B,3
16T91A0528,R1631053,OBJECT ORIENTED ANALYSIS AND DESIGN USIN,A,3
16T91A0528,R1631054,DATABASE MANAGEMENT SYSTEMS,C,3
16T91A0528,R1631055,OPERATING SYSTEMS,C,3
16T91A0528,R1631056,UNIFIED MODELING LAB,O,2
16T91A0528,R1631057,OPERATING SYSTEM & LINUX PROGRAMMING LAB,S,2
16T91A0528,R1631058,DATABASE MANAGEMENT SYSTEM LAB,O,2
16T91A0530,R1631051,COMPILER DESIGN,D,3
16T91A0530,R1631052,UNIX AND SHELL PROGRAMMING,D,3
16T91A0530,R1631053,OBJECT ORIENTED ANALYSIS AND DESIGN USIN,D,3
16T91A0530,R1631054,DATABASE MANAGEMENT SYSTEMS,F,0
16T91A0530,R1631055,OPERATING SYSTEMS,F,0
16T91A0530,R1631056,UNIFIED MODELING LAB,S,2
16T91A0530,R1631057,OPERATING SYSTEM & LINUX PROGRAMMING LAB,A,2
16T91A0530,R1631058,DATABASE MANAGEMENT SYSTEM LAB,A,2
16T91A0531,R1631051,COMPILER DESIGN,F,0
16T91A0531,R1631052,UNIX AND SHELL PROGRAMMING,D,3
Htno,Subcode,Subname,Grade,Credits
16T91A0531,R1631053,OBJECT ORIENTED ANALYSIS AND DESIGN USIN,D,3
16T91A0531,R1631054,DATABASE MANAGEMENT SYSTEMS,F,0
16T91A0531,R1631055,OPERATING SYSTEMS,D,3
16T91A0531,R1631056,UNIFIED MODELING LAB,O,2
16T91A0531,R1631057,OPERATING SYSTEM & LINUX PROGRAMMING LAB,S,2
16T91A0531,R1631058,DATABASE MANAGEMENT SYSTEM LAB,S,2
16T91A0532,R1631051,COMPILER DESIGN,B,3
16T91A0532,R1631052,UNIX AND SHELL PROGRAMMING,A,3
16T91A0532,R1631053,OBJECT ORIENTED ANALYSIS AND DESIGN USIN,C,3
16T91A0532,R1631054,DATABASE MANAGEMENT SYSTEMS,S,3
16T91A0532,R1631055,OPERATING SYSTEMS,B,3
16T91A0532,R1631056,UNIFIED MODELING LAB,O,2
16T91A0532,R1631057,OPERATING SYSTEM & LINUX PROGRAMMING LAB,O,2
16T91A0532,R1631058,DATABASE MANAGEMENT SYSTEM LAB,O,2
16T91A0533,R1631051,COMPILER DESIGN,B,3
16T91A0533,R1631052,UNIX AND SHELL PROGRAMMING,B,3
16T91A0533,R1631053,OBJECT ORIENTED ANALYSIS AND DESIGN USIN,A,3
16T91A0533,R1631054,DATABASE MANAGEMENT SYSTEMS,B,3
16T91A0533,R1631055,OPERATING SYSTEMS,C,3
16T91A0533,R1631056,UNIFIED MODELING LAB,O,2
16T91A0533,R1631057,OPERATING SYSTEM & LINUX PROGRAMMING LAB,S,2
16T91A0533,R1631058,DATABASE MANAGEMENT SYSTEM LAB,O,2
16T91A0534,R1631051,COMPILER DESIGN,D,3
16T91A0534,R1631052,UNIX AND SHELL PROGRAMMING,D,3
16T91A0534,R1631053,OBJECT ORIENTED ANALYSIS AND DESIGN USIN,C,3
16T91A0534,R1631054,DATABASE MANAGEMENT SYSTEMS,F,0
16T91A0534,R1631055,OPERATING SYSTEMS,F,0
16T91A0534,R1631056,UNIFIED MODELING LAB,O,2
16T91A0534,R1631057,OPERATING SYSTEM & LINUX PROGRAMMING LAB,S,2
16T91A0534,R1631058,DATABASE MANAGEMENT SYSTEM LAB,S,2
16T91A0535,R1631051,COMPILER DESIGN,C,3
16T91A0535,R1631052,UNIX AND SHELL PROGRAMMING,C,3
16T91A0535,R1631053,OBJECT ORIENTED ANALYSIS AND DESIGN USIN,C,3
16T91A0535,R1631054,DATABASE MANAGEMENT SYSTEMS,B,3
16T91A0535,R1631055,OPERATING SYSTEMS,C,3
16T91A0535,R1631056,UNIFIED MODELING LAB,O,2
16T91A0535,R1631057,OPERATING SYSTEM & LINUX PROGRAMMING LAB,O,2
16T91A0535,R1631058,DATABASE MANAGEMENT SYSTEM LAB,O,2
16T91A0537,R1631051,COMPILER DESIGN,F,0
16T91A0537,R1631052,UNIX AND SHELL PROGRAMMING,ABSENT,0
16T91A0537,R1631053,OBJECT ORIENTED ANALYSIS AND DESIGN USIN,ABSENT,0
16T91A0537,R1631054,DATABASE MANAGEMENT SYSTEMS,ABSENT,0
16T91A0537,R1631055,OPERATING SYSTEMS,ABSENT,0
16T91A0537,R1631056,UNIFIED MODELING LAB,ABSENT,0
16T91A0537,R1631057,OPERATING SYSTEM & LINUX PROGRAMMING LAB,ABSENT,0
16T91A0537,R1631058,DATABASE MANAGEMENT SYSTEM LAB,ABSENT,0
16T91A0538,R1631051,COMPILER DESIGN,C,3
16T91A0538,R1631052,UNIX AND SHELL PROGRAMMING,B,3
16T91A0538,R1631053,OBJECT ORIENTED ANALYSIS AND DESIGN USIN,C,3
16T91A0538,R1631054,DATABASE MANAGEMENT SYSTEMS,C,3
16T91A0538,R1631055,OPERATING SYSTEMS,C,3
Htno,Subcode,Subname,Grade,Credits
16T91A0538,R1631056,UNIFIED MODELING LAB,O,2
16T91A0538,R1631057,OPERATING SYSTEM & LINUX PROGRAMMING LAB,O,2
16T91A0538,R1631058,DATABASE MANAGEMENT SYSTEM LAB,S,2
16T91A0539,R1631051,COMPILER DESIGN,D,3
16T91A0539,R1631052,UNIX AND SHELL PROGRAMMING,F,0
16T91A0539,R1631053,OBJECT ORIENTED ANALYSIS AND DESIGN USIN,C,3
16T91A0539,R1631054,DATABASE MANAGEMENT SYSTEMS,F,0
16T91A0539,R1631055,OPERATING SYSTEMS,F,0
16T91A0539,R1631056,UNIFIED MODELING LAB,ABSENT,0
16T91A0539,R1631057,OPERATING SYSTEM & LINUX PROGRAMMING LAB,ABSENT,0
16T91A0539,R1631058,DATABASE MANAGEMENT SYSTEM LAB,ABSENT,0
16T91A0540,R1631051,COMPILER DESIGN,D,3
16T91A0540,R1631052,UNIX AND SHELL PROGRAMMING,F,0
16T91A0540,R1631053,OBJECT ORIENTED ANALYSIS AND DESIGN USIN,ABSENT,0
16T91A0540,R1631054,DATABASE MANAGEMENT SYSTEMS,F,0
16T91A0540,R1631055,OPERATING SYSTEMS,ABSENT,0
16T91A0540,R1631056,UNIFIED MODELING LAB,ABSENT,0
16T91A0540,R1631057,OPERATING SYSTEM & LINUX PROGRAMMING LAB,ABSENT,0
16T91A0540,R1631058,DATABASE MANAGEMENT SYSTEM LAB,ABSENT,0
16T91A0541,R1631051,COMPILER DESIGN,F,0
16T91A0541,R1631052,UNIX AND SHELL PROGRAMMING,C,3
16T91A0541,R1631053,OBJECT ORIENTED ANALYSIS AND DESIGN USIN,D,3
16T91A0541,R1631054,DATABASE MANAGEMENT SYSTEMS,F,0
16T91A0541,R1631055,OPERATING SYSTEMS,D,3
16T91A0541,R1631056,UNIFIED MODELING LAB,S,2
16T91A0541,R1631057,OPERATING SYSTEM & LINUX PROGRAMMING LAB,A,2
16T91A0541,R1631058,DATABASE MANAGEMENT SYSTEM LAB,A,2
16T91A0542,R1631051,COMPILER DESIGN,B,3
16T91A0542,R1631052,UNIX AND SHELL PROGRAMMING,B,3
16T91A0542,R1631053,OBJECT ORIENTED ANALYSIS AND DESIGN USIN,C,3
16T91A0542,R1631054,DATABASE MANAGEMENT SYSTEMS,C,3
16T91A0542,R1631055,OPERATING SYSTEMS,B,3
16T91A0542,R1631056,UNIFIED MODELING LAB,O,2
16T91A0542,R1631057,OPERATING SYSTEM & LINUX PROGRAMMING LAB,O,2
16T91A0542,R1631058,DATABASE MANAGEMENT SYSTEM LAB,O,2
16T91A0543,R1631051,COMPILER DESIGN,C,3
16T91A0543,R1631052,UNIX AND SHELL PROGRAMMING,D,3
16T91A0543,R1631053,OBJECT ORIENTED ANALYSIS AND DESIGN USIN,C,3
16T91A0543,R1631054,DATABASE MANAGEMENT SYSTEMS,F,0
16T91A0543,R1631055,OPERATING SYSTEMS,D,3
16T91A0543,R1631056,UNIFIED MODELING LAB,S,2
16T91A0543,R1631057,OPERATING SYSTEM & LINUX PROGRAMMING LAB,S,2
16T91A0543,R1631058,DATABASE MANAGEMENT SYSTEM LAB,S,2
16T91A0544,R1631051,COMPILER DESIGN,B,3
16T91A0544,R1631052,UNIX AND SHELL PROGRAMMING,B,3
16T91A0544,R1631053,OBJECT ORIENTED ANALYSIS AND DESIGN USIN,B,3
16T91A0544,R1631054,DATABASE MANAGEMENT SYSTEMS,A,3
16T91A0544,R1631055,OPERATING SYSTEMS,C,3
16T91A0544,R1631056,UNIFIED MODELING LAB,O,2
16T91A0544,R1631057,OPERATING SYSTEM & LINUX PROGRAMMING LAB,O,2
16T91A0544,R1631058,DATABASE MANAGEMENT SYSTEM LAB,O,2
Htno,Subcode,Subname,Grade,Credits
16T91A0545,R1631051,COMPILER DESIGN,C,3
16T91A0545,R1631052,UNIX AND SHELL PROGRAMMING,A,3
16T91A0545,R1631053,OBJECT ORIENTED ANALYSIS AND DESIGN USIN,B,3
16T91A0545,R1631054,DATABASE MANAGEMENT SYSTEMS,B,3
16T91A0545,R1631055,OPERATING SYSTEMS,B,3
16T91A0545,R1631056,UNIFIED MODELING LAB,O,2
16T91A0545,R1631057,OPERATING SYSTEM & LINUX PROGRAMMING LAB,O,2
16T91A0545,R1631058,DATABASE MANAGEMENT SYSTEM LAB,O,2
16T91A0546,R1631051,COMPILER DESIGN,F,0
16T91A0546,R1631052,UNIX AND SHELL PROGRAMMING,B,3
16T91A0546,R1631053,OBJECT ORIENTED ANALYSIS AND DESIGN USIN,B,3
16T91A0546,R1631054,DATABASE MANAGEMENT SYSTEMS,D,3
16T91A0546,R1631055,OPERATING SYSTEMS,D,3
16T91A0546,R1631056,UNIFIED MODELING LAB,S,2
16T91A0546,R1631057,OPERATING SYSTEM & LINUX PROGRAMMING LAB,A,2
16T91A0546,R1631058,DATABASE MANAGEMENT SYSTEM LAB,A,2
16T91A0547,R1631051,COMPILER DESIGN,C,3
16T91A0547,R1631052,UNIX AND SHELL PROGRAMMING,C,3
16T91A0547,R1631053,OBJECT ORIENTED ANALYSIS AND DESIGN USIN,B,3
16T91A0547,R1631054,DATABASE MANAGEMENT SYSTEMS,C,3
16T91A0547,R1631055,OPERATING SYSTEMS,B,3
16T91A0547,R1631056,UNIFIED MODELING LAB,O,2
16T91A0547,R1631057,OPERATING SYSTEM & LINUX PROGRAMMING LAB,O,2
16T91A0547,R1631058,DATABASE MANAGEMENT SYSTEM LAB,O,2
16T91A0548,R1631051,COMPILER DESIGN,B,3
16T91A0548,R1631052,UNIX AND SHELL PROGRAMMING,B,3
16T91A0548,R1631053,OBJECT ORIENTED ANALYSIS AND DESIGN USIN,B,3
16T91A0548,R1631054,DATABASE MANAGEMENT SYSTEMS,B,3
16T91A0548,R1631055,OPERATING SYSTEMS,C,3
16T91A0548,R1631056,UNIFIED MODELING LAB,O,2
16T91A0548,R1631057,OPERATING SYSTEM & LINUX PROGRAMMING LAB,O,2
16T91A0548,R1631058,DATABASE MANAGEMENT SYSTEM LAB,O,2
16T91A0551,R1631051,COMPILER DESIGN,C,3
16T91A0551,R1631052,UNIX AND SHELL PROGRAMMING,A,3
16T91A0551,R1631053,OBJECT ORIENTED ANALYSIS AND DESIGN USIN,C,3
16T91A0551,R1631054,DATABASE MANAGEMENT SYSTEMS,C,3
16T91A0551,R1631055,OPERATING SYSTEMS,B,3
16T91A0551,R1631056,UNIFIED MODELING LAB,O,2
16T91A0551,R1631057,OPERATING SYSTEM & LINUX PROGRAMMING LAB,O,2
16T91A0551,R1631058,DATABASE MANAGEMENT SYSTEM LAB,O,2
16T91A0553,R1631051,COMPILER DESIGN,F,0
16T91A0553,R1631052,UNIX AND SHELL PROGRAMMING,D,3
16T91A0553,R1631053,OBJECT ORIENTED ANALYSIS AND DESIGN USIN,D,3
16T91A0553,R1631054,DATABASE MANAGEMENT SYSTEMS,D,3
16T91A0553,R1631055,OPERATING SYSTEMS,F,0
16T91A0553,R1631056,UNIFIED MODELING LAB,S,2
16T91A0553,R1631057,OPERATING SYSTEM & LINUX PROGRAMMING LAB,A,2
16T91A0553,R1631058,DATABASE MANAGEMENT SYSTEM LAB,A,2
16T91A0555,R1631051,COMPILER DESIGN,D,3
16T91A0555,R1631052,UNIX AND SHELL PROGRAMMING,F,0
16T91A0555,R1631053,OBJECT ORIENTED ANALYSIS AND DESIGN USIN,D,3
Htno,Subcode,Subname,Grade,Credits
16T91A0555,R1631054,DATABASE MANAGEMENT SYSTEMS,F,0
16T91A0555,R1631055,OPERATING SYSTEMS,F,0
16T91A0555,R1631056,UNIFIED MODELING LAB,S,2
16T91A0555,R1631057,OPERATING SYSTEM & LINUX PROGRAMMING LAB,B,2
16T91A0555,R1631058,DATABASE MANAGEMENT SYSTEM LAB,A,2
16T91A0556,R1631051,COMPILER DESIGN,F,0
16T91A0556,R1631052,UNIX AND SHELL PROGRAMMING,F,0
16T91A0556,R1631053,OBJECT ORIENTED ANALYSIS AND DESIGN USIN,F,0
16T91A0556,R1631054,DATABASE MANAGEMENT SYSTEMS,F,0
16T91A0556,R1631055,OPERATING SYSTEMS,F,0
16T91A0556,R1631056,UNIFIED MODELING LAB,ABSENT,0
16T91A0556,R1631057,OPERATING SYSTEM & LINUX PROGRAMMING LAB,ABSENT,0
16T91A0556,R1631058,DATABASE MANAGEMENT SYSTEM LAB,ABSENT,0
16T91A0557,R1631051,COMPILER DESIGN,D,3
16T91A0557,R1631052,UNIX AND SHELL PROGRAMMING,A,3
16T91A0557,R1631053,OBJECT ORIENTED ANALYSIS AND DESIGN USIN,F,0
16T91A0557,R1631054,DATABASE MANAGEMENT SYSTEMS,F,0
16T91A0557,R1631055,OPERATING SYSTEMS,C,3
16T91A0557,R1631056,UNIFIED MODELING LAB,ABSENT,0
16T91A0557,R1631057,OPERATING SYSTEM & LINUX PROGRAMMING LAB,ABSENT,0
16T91A0557,R1631058,DATABASE MANAGEMENT SYSTEM LAB,ABSENT,0
16T91A0558,R1631051,COMPILER DESIGN,C,3
16T91A0558,R1631052,UNIX AND SHELL PROGRAMMING,B,3
16T91A0558,R1631053,OBJECT ORIENTED ANALYSIS AND DESIGN USIN,B,3
16T91A0558,R1631054,DATABASE MANAGEMENT SYSTEMS,C,3
16T91A0558,R1631055,OPERATING SYSTEMS,C,3
16T91A0558,R1631056,UNIFIED MODELING LAB,S,2
16T91A0558,R1631057,OPERATING SYSTEM & LINUX PROGRAMMING LAB,S,2
16T91A0558,R1631058,DATABASE MANAGEMENT SYSTEM LAB,S,2
17T95A0101,R1631011,MANAGEMENT SCIENCE,B,3
17T95A0101,R1631012,ENGINEERING GEOLOGY,B,3
17T95A0101,R1631013,STRUCTURAL ANALYSIS -II,S,3
17T95A0101,R1631014,DESIGN & DRAWING OF REINFORCED CONCRETE,A,3
17T95A0101,R1631015,TRANSPORTATION ENGINEERING - II,S,3
17T95A0101,R1631016,CONCRETE TECHNOLOGY LAB,O,2
17T95A0101,R1631017,GEOLOGY LAB,O,2
17T95A0101,R1631018,TRANSPORTATION ENGINEERING LAB,S,2
17T95A0103,R1631011,MANAGEMENT SCIENCE,D,3
17T95A0103,R1631012,ENGINEERING GEOLOGY,B,3
17T95A0103,R1631013,STRUCTURAL ANALYSIS -II,A,3
17T95A0103,R1631014,DESIGN & DRAWING OF REINFORCED CONCRETE,A,3
17T95A0103,R1631015,TRANSPORTATION ENGINEERING - II,A,3
17T95A0103,R1631016,CONCRETE TECHNOLOGY LAB,O,2
17T95A0103,R1631017,GEOLOGY LAB,O,2
17T95A0103,R1631018,TRANSPORTATION ENGINEERING LAB,O,2
17T95A0104,R1631011,MANAGEMENT SCIENCE,F,0
17T95A0104,R1631012,ENGINEERING GEOLOGY,B,3
17T95A0104,R1631013,STRUCTURAL ANALYSIS -II,B,3
17T95A0104,R1631014,DESIGN & DRAWING OF REINFORCED CONCRETE,D,3
17T95A0104,R1631015,TRANSPORTATION ENGINEERING - II,F,0
17T95A0104,R1631016,CONCRETE TECHNOLOGY LAB,S,2
Htno,Subcode,Subname,Grade,Credits
17T95A0104,R1631017,GEOLOGY LAB,A,2
17T95A0104,R1631018,TRANSPORTATION ENGINEERING LAB,A,2
17T95A0105,R1631011,MANAGEMENT SCIENCE,C,3
17T95A0105,R1631012,ENGINEERING GEOLOGY,C,3
17T95A0105,R1631013,STRUCTURAL ANALYSIS -II,B,3
17T95A0105,R1631014,DESIGN & DRAWING OF REINFORCED CONCRETE,C,3
17T95A0105,R1631015,TRANSPORTATION ENGINEERING - II,C,3
17T95A0105,R1631016,CONCRETE TECHNOLOGY LAB,S,2
17T95A0105,R1631017,GEOLOGY LAB,A,2
17T95A0105,R1631018,TRANSPORTATION ENGINEERING LAB,A,2
17T95A0106,R1631011,MANAGEMENT SCIENCE,C,3
17T95A0106,R1631012,ENGINEERING GEOLOGY,B,3
17T95A0106,R1631013,STRUCTURAL ANALYSIS -II,F,0
17T95A0106,R1631014,DESIGN & DRAWING OF REINFORCED CONCRETE,F,0
17T95A0106,R1631015,TRANSPORTATION ENGINEERING - II,C,3
17T95A0106,R1631016,CONCRETE TECHNOLOGY LAB,S,2
17T95A0106,R1631017,GEOLOGY LAB,O,2
17T95A0106,R1631018,TRANSPORTATION ENGINEERING LAB,A,2
17T95A0107,R1631011,MANAGEMENT SCIENCE,C,3
17T95A0107,R1631012,ENGINEERING GEOLOGY,B,3
17T95A0107,R1631013,STRUCTURAL ANALYSIS -II,S,3
17T95A0107,R1631014,DESIGN & DRAWING OF REINFORCED CONCRETE,B,3
17T95A0107,R1631015,TRANSPORTATION ENGINEERING - II,C,3
17T95A0107,R1631016,CONCRETE TECHNOLOGY LAB,O,2
17T95A0107,R1631017,GEOLOGY LAB,O,2
17T95A0107,R1631018,TRANSPORTATION ENGINEERING LAB,S,2
17T95A0108,R1631011,MANAGEMENT SCIENCE,F,0
17T95A0108,R1631012,ENGINEERING GEOLOGY,S,3
17T95A0108,R1631013,STRUCTURAL ANALYSIS -II,D,3
17T95A0108,R1631014,DESIGN & DRAWING OF REINFORCED CONCRETE,A,3
17T95A0108,R1631015,TRANSPORTATION ENGINEERING - II,C,3
17T95A0108,R1631016,CONCRETE TECHNOLOGY LAB,O,2
17T95A0108,R1631017,GEOLOGY LAB,O,2
17T95A0108,R1631018,TRANSPORTATION ENGINEERING LAB,A,2
17T95A0109,R1631011,MANAGEMENT SCIENCE,F,0
17T95A0109,R1631012,ENGINEERING GEOLOGY,D,3
17T95A0109,R1631013,STRUCTURAL ANALYSIS -II,D,3
17T95A0109,R1631014,DESIGN & DRAWING OF REINFORCED CONCRETE,F,0
17T95A0109,R1631015,TRANSPORTATION ENGINEERING - II,D,3
17T95A0109,R1631016,CONCRETE TECHNOLOGY LAB,S,2
17T95A0109,R1631017,GEOLOGY LAB,A,2
17T95A0109,R1631018,TRANSPORTATION ENGINEERING LAB,A,2
17T95A0110,R1631011,MANAGEMENT SCIENCE,F,0
17T95A0110,R1631012,ENGINEERING GEOLOGY,D,3
17T95A0110,R1631013,STRUCTURAL ANALYSIS -II,F,0
17T95A0110,R1631014,DESIGN & DRAWING OF REINFORCED CONCRETE,F,0
17T95A0110,R1631015,TRANSPORTATION ENGINEERING - II,C,3
17T95A0110,R1631016,CONCRETE TECHNOLOGY LAB,A,2
17T95A0110,R1631017,GEOLOGY LAB,A,2
17T95A0110,R1631018,TRANSPORTATION ENGINEERING LAB,A,2
17T95A0201,R1631021,POWER SYSTEMS-II,F,0
Htno,Subcode,Subname,Grade,Credits
17T95A0201,R1631022,RENEWABLE ENERGY SOURCES,C,3
17T95A0201,R1631023,SIGNALS AND SYSTEMS,F,0
17T95A0201,R1631024,PULSE & DIGITAL CIRCUITS,D,3
17T95A0201,R1631025,POWER ELECTRONICS,C,3
17T95A0201,R1631026,ELECTRICAL MACHINES-II LABORATORY,O,2
17T95A0201,R1631027,CONTROL SYSTEMS LABORATORY,O,2
17T95A0201,R1631028,ELECTRICAL MEASUREMENTS LABORATORY,O,2
17T95A0202,R1631021,POWER SYSTEMS-II,F,0
17T95A0202,R1631022,RENEWABLE ENERGY SOURCES,C,3
17T95A0202,R1631023,SIGNALS AND SYSTEMS,F,0
17T95A0202,R1631024,PULSE & DIGITAL CIRCUITS,D,3
17T95A0202,R1631025,POWER ELECTRONICS,D,3
17T95A0202,R1631026,ELECTRICAL MACHINES-II LABORATORY,S,2
17T95A0202,R1631027,CONTROL SYSTEMS LABORATORY,S,2
17T95A0202,R1631028,ELECTRICAL MEASUREMENTS LABORATORY,A,2
17T95A0203,R1631021,POWER SYSTEMS-II,D,3
17T95A0203,R1631022,RENEWABLE ENERGY SOURCES,F,0
17T95A0203,R1631023,SIGNALS AND SYSTEMS,F,0
17T95A0203,R1631024,PULSE & DIGITAL CIRCUITS,F,0
17T95A0203,R1631025,POWER ELECTRONICS,F,0
17T95A0203,R1631026,ELECTRICAL MACHINES-II LABORATORY,O,2
17T95A0203,R1631027,CONTROL SYSTEMS LABORATORY,O,2
17T95A0203,R1631028,ELECTRICAL MEASUREMENTS LABORATORY,S,2
17T95A0204,R1631021,POWER SYSTEMS-II,F,0
17T95A0204,R1631022,RENEWABLE ENERGY SOURCES,D,3
17T95A0204,R1631023,SIGNALS AND SYSTEMS,F,0
17T95A0204,R1631024,PULSE & DIGITAL CIRCUITS,F,0
17T95A0204,R1631025,POWER ELECTRONICS,F,0
17T95A0204,R1631026,ELECTRICAL MACHINES-II LABORATORY,S,2
17T95A0204,R1631027,CONTROL SYSTEMS LABORATORY,S,2
17T95A0204,R1631028,ELECTRICAL MEASUREMENTS LABORATORY,O,2
17T95A0205,R1631021,POWER SYSTEMS-II,F,0
17T95A0205,R1631022,RENEWABLE ENERGY SOURCES,F,0
17T95A0205,R1631023,SIGNALS AND SYSTEMS,F,0
17T95A0205,R1631024,PULSE & DIGITAL CIRCUITS,D,3
17T95A0205,R1631025,POWER ELECTRONICS,F,0
17T95A0205,R1631026,ELECTRICAL MACHINES-II LABORATORY,O,2
17T95A0205,R1631027,CONTROL SYSTEMS LABORATORY,O,2
17T95A0205,R1631028,ELECTRICAL MEASUREMENTS LABORATORY,S,2
17T95A0207,R1631021,POWER SYSTEMS-II,F,0
17T95A0207,R1631022,RENEWABLE ENERGY SOURCES,B,3
17T95A0207,R1631023,SIGNALS AND SYSTEMS,F,0
17T95A0207,R1631024,PULSE & DIGITAL CIRCUITS,C,3
17T95A0207,R1631025,POWER ELECTRONICS,F,0
17T95A0207,R1631026,ELECTRICAL MACHINES-II LABORATORY,S,2
17T95A0207,R1631027,CONTROL SYSTEMS LABORATORY,O,2
17T95A0207,R1631028,ELECTRICAL MEASUREMENTS LABORATORY,A,2
17T95A0208,R1631021,POWER SYSTEMS-II,C,3
17T95A0208,R1631022,RENEWABLE ENERGY SOURCES,F,0
17T95A0208,R1631023,SIGNALS AND SYSTEMS,B,3
17T95A0208,R1631024,PULSE & DIGITAL CIRCUITS,A,3
Htno,Subcode,Subname,Grade,Credits
17T95A0208,R1631025,POWER ELECTRONICS,C,3
17T95A0208,R1631026,ELECTRICAL MACHINES-II LABORATORY,O,2
17T95A0208,R1631027,CONTROL SYSTEMS LABORATORY,S,2
17T95A0208,R1631028,ELECTRICAL MEASUREMENTS LABORATORY,O,2
17T95A0209,R1631021,POWER SYSTEMS-II,F,0
17T95A0209,R1631022,RENEWABLE ENERGY SOURCES,D,3
17T95A0209,R1631023,SIGNALS AND SYSTEMS,C,3
17T95A0209,R1631024,PULSE & DIGITAL CIRCUITS,C,3
17T95A0209,R1631025,POWER ELECTRONICS,D,3
17T95A0209,R1631026,ELECTRICAL MACHINES-II LABORATORY,O,2
17T95A0209,R1631027,CONTROL SYSTEMS LABORATORY,O,2
17T95A0209,R1631028,ELECTRICAL MEASUREMENTS LABORATORY,S,2
17T95A0210,R1631021,POWER SYSTEMS-II,D,3
17T95A0210,R1631022,RENEWABLE ENERGY SOURCES,C,3
17T95A0210,R1631023,SIGNALS AND SYSTEMS,F,0
17T95A0210,R1631024,PULSE & DIGITAL CIRCUITS,D,3
17T95A0210,R1631025,POWER ELECTRONICS,C,3
17T95A0210,R1631026,ELECTRICAL MACHINES-II LABORATORY,B,2
17T95A0210,R1631027,CONTROL SYSTEMS LABORATORY,C,2
17T95A0210,R1631028,ELECTRICAL MEASUREMENTS LABORATORY,S,2
17T95A0211,R1631021,POWER SYSTEMS-II,F,0
17T95A0211,R1631022,RENEWABLE ENERGY SOURCES,C,3
17T95A0211,R1631023,SIGNALS AND SYSTEMS,F,0
17T95A0211,R1631024,PULSE & DIGITAL CIRCUITS,D,3
17T95A0211,R1631025,POWER ELECTRONICS,D,3
17T95A0211,R1631026,ELECTRICAL MACHINES-II LABORATORY,O,2
17T95A0211,R1631027,CONTROL SYSTEMS LABORATORY,O,2
17T95A0211,R1631028,ELECTRICAL MEASUREMENTS LABORATORY,O,2
17T95A0212,R1631021,POWER SYSTEMS-II,C,3
17T95A0212,R1631022,RENEWABLE ENERGY SOURCES,F,0
17T95A0212,R1631023,SIGNALS AND SYSTEMS,F,0
17T95A0212,R1631024,PULSE & DIGITAL CIRCUITS,F,0
17T95A0212,R1631025,POWER ELECTRONICS,F,0
17T95A0212,R1631026,ELECTRICAL MACHINES-II LABORATORY,S,2
17T95A0212,R1631027,CONTROL SYSTEMS LABORATORY,O,2
17T95A0212,R1631028,ELECTRICAL MEASUREMENTS LABORATORY,S,2
17T95A0213,R1631021,POWER SYSTEMS-II,A,3
17T95A0213,R1631022,RENEWABLE ENERGY SOURCES,F,0
17T95A0213,R1631023,SIGNALS AND SYSTEMS,A,3
17T95A0213,R1631024,PULSE & DIGITAL CIRCUITS,C,3
17T95A0213,R1631025,POWER ELECTRONICS,B,3
17T95A0213,R1631026,ELECTRICAL MACHINES-II LABORATORY,O,2
17T95A0213,R1631027,CONTROL SYSTEMS LABORATORY,O,2
17T95A0213,R1631028,ELECTRICAL MEASUREMENTS LABORATORY,O,2
17T95A0214,R1631021,POWER SYSTEMS-II,F,0
17T95A0214,R1631022,RENEWABLE ENERGY SOURCES,B,3
17T95A0214,R1631023,SIGNALS AND SYSTEMS,F,0
17T95A0214,R1631024,PULSE & DIGITAL CIRCUITS,D,3
17T95A0214,R1631025,POWER ELECTRONICS,C,3
17T95A0214,R1631026,ELECTRICAL MACHINES-II LABORATORY,O,2
17T95A0214,R1631027,CONTROL SYSTEMS LABORATORY,O,2
,,,,
17T95A0214,R1631028,ELECTRICAL MEASUREMENTS LABORATORY,O,2
17T95A0215,R1631021,POWER SYSTEMS-II,B,3
17T95A0215,R1631022,RENEWABLE ENERGY SOURCES,B,3
17T95A0215,R1631023,SIGNALS AND SYSTEMS,D,3
17T95A0215,R1631024,PULSE & DIGITAL CIRCUITS,B,3
17T95A0215,R1631025,POWER ELECTRONICS,C,3
17T95A0215,R1631026,ELECTRICAL MACHINES-II LABORATORY,O,2
17T95A0215,R1631027,CONTROL SYSTEMS LABORATORY,O,2
17T95A0215,R1631028,ELECTRICAL MEASUREMENTS LABORATORY,O,2
17T95A0216,R1631021,POWER SYSTEMS-II,B,3
17T95A0216,R1631022,RENEWABLE ENERGY SOURCES,D,3
17T95A0216,R1631023,SIGNALS AND SYSTEMS,D,3
17T95A0216,R1631024,PULSE & DIGITAL CIRCUITS,C,3
17T95A0216,R1631025,POWER ELECTRONICS,B,3
17T95A0216,R1631026,ELECTRICAL MACHINES-II LABORATORY,O,2
17T95A0216,R1631027,CONTROL SYSTEMS LABORATORY,O,2
17T95A0216,R1631028,ELECTRICAL MEASUREMENTS LABORATORY,O,2
17T95A0301,R1631031,DYNAMICS OF MACHINERY,C,3
17T95A0301,R1631032,METAL CUTTING & MACHINE TOOLS,B,3
17T95A0301,R1631033,DESIGN OF MACHINE MEMBERS-II,B,3
17T95A0301,R1631034,OPERATIONS RESEARCH,A,3
17T95A0301,R1631035,THERMAL ENGINEERING -II,B,3
17T95A0301,R1631036,THEORY OF MACHINES LAB,O,2
17T95A0301,R1631037,MACHINE TOOLS LAB,O,2
17T95A0301,R1631038,THERMAL ENGINEERING LAB,O,2
17T95A0302,R1631031,DYNAMICS OF MACHINERY,D,3
17T95A0302,R1631032,METAL CUTTING & MACHINE TOOLS,C,3
17T95A0302,R1631033,DESIGN OF MACHINE MEMBERS-II,F,0
17T95A0302,R1631034,OPERATIONS RESEARCH,F,0
17T95A0302,R1631035,THERMAL ENGINEERING -II,D,3
17T95A0302,R1631036,THEORY OF MACHINES LAB,O,2
17T95A0302,R1631037,MACHINE TOOLS LAB,O,2
17T95A0302,R1631038,THERMAL ENGINEERING LAB,O,2
17T95A0303,R1631031,DYNAMICS OF MACHINERY,F,0
17T95A0303,R1631032,METAL CUTTING & MACHINE TOOLS,B,3
17T95A0303,R1631033,DESIGN OF MACHINE MEMBERS-II,B,3
17T95A0303,R1631034,OPERATIONS RESEARCH,A,3
17T95A0303,R1631035,THERMAL ENGINEERING -II,F,0
17T95A0303,R1631036,THEORY OF MACHINES LAB,O,2
17T95A0303,R1631037,MACHINE TOOLS LAB,O,2
17T95A0303,R1631038,THERMAL ENGINEERING LAB,O,2
17T95A0304,R1631031,DYNAMICS OF MACHINERY,F,0
17T95A0304,R1631032,METAL CUTTING & MACHINE TOOLS,D,3
17T95A0304,R1631033,DESIGN OF MACHINE MEMBERS-II,F,0
17T95A0304,R1631034,OPERATIONS RESEARCH,F,0
17T95A0304,R1631035,THERMAL ENGINEERING -II,F,0
17T95A0304,R1631036,THEORY OF MACHINES LAB,O,2
17T95A0304,R1631037,MACHINE TOOLS LAB,S,2
17T95A0304,R1631038,THERMAL ENGINEERING LAB,S,2
17T95A0305,R1631031,DYNAMICS OF MACHINERY,F,0
17T95A0305,R1631032,METAL CUTTING & MACHINE TOOLS,F,0
,,,,
17T95A0305,R1631033,DESIGN OF MACHINE MEMBERS-II,F,0
17T95A0305,R1631034,OPERATIONS RESEARCH,F,0
17T95A0305,R1631035,THERMAL ENGINEERING -II,F,0
17T95A0305,R1631036,THEORY OF MACHINES LAB,S,2
17T95A0305,R1631037,MACHINE TOOLS LAB,B,2
17T95A0305,R1631038,THERMAL ENGINEERING LAB,A,2
17T95A0306,R1631031,DYNAMICS OF MACHINERY,B,3
17T95A0306,R1631032,METAL CUTTING & MACHINE TOOLS,B,3
17T95A0306,R1631033,DESIGN OF MACHINE MEMBERS-II,B,3
17T95A0306,R1631034,OPERATIONS RESEARCH,C,3
17T95A0306,R1631035,THERMAL ENGINEERING -II,B,3
17T95A0306,R1631036,THEORY OF MACHINES LAB,O,2
17T95A0306,R1631037,MACHINE TOOLS LAB,S,2
17T95A0306,R1631038,THERMAL ENGINEERING LAB,O,2
17T95A0307,R1631031,DYNAMICS OF MACHINERY,F,0
17T95A0307,R1631032,METAL CUTTING & MACHINE TOOLS,C,3
17T95A0307,R1631033,DESIGN OF MACHINE MEMBERS-II,D,3
17T95A0307,R1631034,OPERATIONS RESEARCH,F,0
17T95A0307,R1631035,THERMAL ENGINEERING -II,F,0
17T95A0307,R1631036,THEORY OF MACHINES LAB,O,2
17T95A0307,R1631037,MACHINE TOOLS LAB,S,2
17T95A0307,R1631038,THERMAL ENGINEERING LAB,S,2
17T95A0308,R1631031,DYNAMICS OF MACHINERY,F,0
17T95A0308,R1631032,METAL CUTTING & MACHINE TOOLS,ABSENT,0
17T95A0308,R1631033,DESIGN OF MACHINE MEMBERS-II,F,0
17T95A0308,R1631034,OPERATIONS RESEARCH,F,0
17T95A0308,R1631035,THERMAL ENGINEERING -II,F,0
17T95A0308,R1631036,THEORY OF MACHINES LAB,O,2
17T95A0308,R1631037,MACHINE TOOLS LAB,S,2
17T95A0308,R1631038,THERMAL ENGINEERING LAB,S,2
17T95A0309,R1631031,DYNAMICS OF MACHINERY,F,0
17T95A0309,R1631032,METAL CUTTING & MACHINE TOOLS,F,0
17T95A0309,R1631033,DESIGN OF MACHINE MEMBERS-II,F,0
17T95A0309,R1631034,OPERATIONS RESEARCH,F,0
17T95A0309,R1631035,THERMAL ENGINEERING -II,F,0
17T95A0309,R1631036,THEORY OF MACHINES LAB,S,2
17T95A0309,R1631037,MACHINE TOOLS LAB,S,2
17T95A0309,R1631038,THERMAL ENGINEERING LAB,S,2
17T95A0310,R1631031,DYNAMICS OF MACHINERY,F,0
17T95A0310,R1631032,METAL CUTTING & MACHINE TOOLS,D,3
17T95A0310,R1631033,DESIGN OF MACHINE MEMBERS-II,C,3
17T95A0310,R1631034,OPERATIONS RESEARCH,F,0
17T95A0310,R1631035,THERMAL ENGINEERING -II,D,3
17T95A0310,R1631036,THEORY OF MACHINES LAB,O,2
17T95A0310,R1631037,MACHINE TOOLS LAB,S,2
17T95A0310,R1631038,THERMAL ENGINEERING LAB,O,2
17T95A0311,R1631031,DYNAMICS OF MACHINERY,F,0
17T95A0311,R1631032,METAL CUTTING & MACHINE TOOLS,F,0
17T95A0311,R1631033,DESIGN OF MACHINE MEMBERS-II,F,0
17T95A0311,R1631034,OPERATIONS RESEARCH,C,3
17T95A0311,R1631035,THERMAL ENGINEERING -II,F,0
,,,,
17T95A0311,R1631036,THEORY OF MACHINES LAB,O,2
17T95A0311,R1631037,MACHINE TOOLS LAB,S,2
17T95A0311,R1631038,THERMAL ENGINEERING LAB,S,2
17T95A0312,R1631031,DYNAMICS OF MACHINERY,F,0
17T95A0312,R1631032,METAL CUTTING & MACHINE TOOLS,B,3
17T95A0312,R1631033,DESIGN OF MACHINE MEMBERS-II,D,3
17T95A0312,R1631034,OPERATIONS RESEARCH,B,3
17T95A0312,R1631035,THERMAL ENGINEERING -II,C,3
17T95A0312,R1631036,THEORY OF MACHINES LAB,O,2
17T95A0312,R1631037,MACHINE TOOLS LAB,O,2
17T95A0312,R1631038,THERMAL ENGINEERING LAB,O,2
17T95A0313,R1631031,DYNAMICS OF MACHINERY,F,0
17T95A0313,R1631032,METAL CUTTING & MACHINE TOOLS,F,0
17T95A0313,R1631033,DESIGN OF MACHINE MEMBERS-II,F,0
17T95A0313,R1631034,OPERATIONS RESEARCH,F,0
17T95A0313,R1631035,THERMAL ENGINEERING -II,F,0
17T95A0313,R1631036,THEORY OF MACHINES LAB,O,2
17T95A0313,R1631037,MACHINE TOOLS LAB,S,2
17T95A0313,R1631038,THERMAL ENGINEERING LAB,S,2
17T95A0314,R1631031,DYNAMICS OF MACHINERY,F,0
17T95A0314,R1631032,METAL CUTTING & MACHINE TOOLS,C,3
17T95A0314,R1631033,DESIGN OF MACHINE MEMBERS-II,C,3
17T95A0314,R1631034,OPERATIONS RESEARCH,D,3
17T95A0314,R1631035,THERMAL ENGINEERING -II,C,3
17T95A0314,R1631036,THEORY OF MACHINES LAB,O,2
17T95A0314,R1631037,MACHINE TOOLS LAB,O,2
17T95A0314,R1631038,THERMAL ENGINEERING LAB,S,2
17T95A0315,R1631031,DYNAMICS OF MACHINERY,A,3
17T95A0315,R1631032,METAL CUTTING & MACHINE TOOLS,C,3
17T95A0315,R1631033,DESIGN OF MACHINE MEMBERS-II,C,3
17T95A0315,R1631034,OPERATIONS RESEARCH,A,3
17T95A0315,R1631035,THERMAL ENGINEERING -II,B,3
17T95A0315,R1631036,THEORY OF MACHINES LAB,O,2
17T95A0315,R1631037,MACHINE TOOLS LAB,O,2
17T95A0315,R1631038,THERMAL ENGINEERING LAB,O,2
17T95A0316,R1631031,DYNAMICS OF MACHINERY,C,3
17T95A0316,R1631032,METAL CUTTING & MACHINE TOOLS,C,3
17T95A0316,R1631033,DESIGN OF MACHINE MEMBERS-II,B,3
17T95A0316,R1631034,OPERATIONS RESEARCH,C,3
17T95A0316,R1631035,THERMAL ENGINEERING -II,C,3
17T95A0316,R1631036,THEORY OF MACHINES LAB,O,2
17T95A0316,R1631037,MACHINE TOOLS LAB,O,2
17T95A0316,R1631038,THERMAL ENGINEERING LAB,O,2
17T95A0317,R1631031,DYNAMICS OF MACHINERY,D,3
17T95A0317,R1631032,METAL CUTTING & MACHINE TOOLS,C,3
17T95A0317,R1631033,DESIGN OF MACHINE MEMBERS-II,C,3
17T95A0317,R1631034,OPERATIONS RESEARCH,D,3
17T95A0317,R1631035,THERMAL ENGINEERING -II,C,3
17T95A0317,R1631036,THEORY OF MACHINES LAB,O,2
17T95A0317,R1631037,MACHINE TOOLS LAB,S,2
17T95A0317,R1631038,THERMAL ENGINEERING LAB,S,2
,,,,
17T95A0318,R1631031,DYNAMICS OF MACHINERY,D,3
17T95A0318,R1631032,METAL CUTTING & MACHINE TOOLS,C,3
17T95A0318,R1631033,DESIGN OF MACHINE MEMBERS-II,C,3
17T95A0318,R1631034,OPERATIONS RESEARCH,F,0
17T95A0318,R1631035,THERMAL ENGINEERING -II,C,3
17T95A0318,R1631036,THEORY OF MACHINES LAB,O,2
17T95A0318,R1631037,MACHINE TOOLS LAB,S,2
17T95A0318,R1631038,THERMAL ENGINEERING LAB,S,2
17T95A0319,R1631031,DYNAMICS OF MACHINERY,F,0
17T95A0319,R1631032,METAL CUTTING & MACHINE TOOLS,D,3
17T95A0319,R1631033,DESIGN OF MACHINE MEMBERS-II,F,0
17T95A0319,R1631034,OPERATIONS RESEARCH,F,0
17T95A0319,R1631035,THERMAL ENGINEERING -II,F,0
17T95A0319,R1631036,THEORY OF MACHINES LAB,O,2
17T95A0319,R1631037,MACHINE TOOLS LAB,S,2
17T95A0319,R1631038,THERMAL ENGINEERING LAB,S,2
17T95A0320,R1631031,DYNAMICS OF MACHINERY,F,0
17T95A0320,R1631032,METAL CUTTING & MACHINE TOOLS,B,3
17T95A0320,R1631033,DESIGN OF MACHINE MEMBERS-II,C,3
17T95A0320,R1631034,OPERATIONS RESEARCH,B,3
17T95A0320,R1631035,THERMAL ENGINEERING -II,C,3
17T95A0320,R1631036,THEORY OF MACHINES LAB,O,2
17T95A0320,R1631037,MACHINE TOOLS LAB,O,2
17T95A0320,R1631038,THERMAL ENGINEERING LAB,O,2
17T95A0321,R1631031,DYNAMICS OF MACHINERY,F,0
17T95A0321,R1631032,METAL CUTTING & MACHINE TOOLS,F,0
17T95A0321,R1631033,DESIGN OF MACHINE MEMBERS-II,F,0
17T95A0321,R1631034,OPERATIONS RESEARCH,D,3
17T95A0321,R1631035,THERMAL ENGINEERING -II,F,0
17T95A0321,R1631036,THEORY OF MACHINES LAB,O,2
17T95A0321,R1631037,MACHINE TOOLS LAB,A,2
17T95A0321,R1631038,THERMAL ENGINEERING LAB,S,2
17T95A0322,R1631031,DYNAMICS OF MACHINERY,F,0
17T95A0322,R1631032,METAL CUTTING & MACHINE TOOLS,C,3
17T95A0322,R1631033,DESIGN OF MACHINE MEMBERS-II,D,3
17T95A0322,R1631034,OPERATIONS RESEARCH,F,0
17T95A0322,R1631035,THERMAL ENGINEERING -II,D,3
17T95A0322,R1631036,THEORY OF MACHINES LAB,S,2
17T95A0322,R1631037,MACHINE TOOLS LAB,O,2
17T95A0322,R1631038,THERMAL ENGINEERING LAB,O,2
17T95A0323,R1631031,DYNAMICS OF MACHINERY,F,0
17T95A0323,R1631032,METAL CUTTING & MACHINE TOOLS,D,3
17T95A0323,R1631033,DESIGN OF MACHINE MEMBERS-II,F,0
17T95A0323,R1631034,OPERATIONS RESEARCH,D,3
17T95A0323,R1631035,THERMAL ENGINEERING -II,D,3
17T95A0323,R1631036,THEORY OF MACHINES LAB,S,2
17T95A0323,R1631037,MACHINE TOOLS LAB,S,2
17T95A0323,R1631038,THERMAL ENGINEERING LAB,S,2
17T95A0324,R1631031,DYNAMICS OF MACHINERY,A,3
17T95A0324,R1631032,METAL CUTTING & MACHINE TOOLS,A,3
17T95A0324,R1631033,DESIGN OF MACHINE MEMBERS-II,B,3
,,,,
17T95A0324,R1631034,OPERATIONS RESEARCH,A,3
17T95A0324,R1631035,THERMAL ENGINEERING -II,A,3
17T95A0324,R1631036,THEORY OF MACHINES LAB,O,2
17T95A0324,R1631037,MACHINE TOOLS LAB,O,2
17T95A0324,R1631038,THERMAL ENGINEERING LAB,O,2
17T95A0325,R1631031,DYNAMICS OF MACHINERY,D,3
17T95A0325,R1631032,METAL CUTTING & MACHINE TOOLS,D,3
17T95A0325,R1631033,DESIGN OF MACHINE MEMBERS-II,C,3
17T95A0325,R1631034,OPERATIONS RESEARCH,B,3
17T95A0325,R1631035,THERMAL ENGINEERING -II,B,3
17T95A0325,R1631036,THEORY OF MACHINES LAB,O,2
17T95A0325,R1631037,MACHINE TOOLS LAB,O,2
17T95A0325,R1631038,THERMAL ENGINEERING LAB,S,2
17T95A0326,R1631031,DYNAMICS OF MACHINERY,F,0
17T95A0326,R1631032,METAL CUTTING & MACHINE TOOLS,F,0
17T95A0326,R1631033,DESIGN OF MACHINE MEMBERS-II,D,3
17T95A0326,R1631034,OPERATIONS RESEARCH,F,0
17T95A0326,R1631035,THERMAL ENGINEERING -II,C,3
17T95A0326,R1631036,THEORY OF MACHINES LAB,O,2
17T95A0326,R1631037,MACHINE TOOLS LAB,S,2
17T95A0326,R1631038,THERMAL ENGINEERING LAB,O,2
17T95A0327,R1631031,DYNAMICS OF MACHINERY,F,0
17T95A0327,R1631032,METAL CUTTING & MACHINE TOOLS,D,3
17T95A0327,R1631033,DESIGN OF MACHINE MEMBERS-II,F,0
17T95A0327,R1631034,OPERATIONS RESEARCH,F,0
17T95A0327,R1631035,THERMAL ENGINEERING -II,F,0
17T95A0327,R1631036,THEORY OF MACHINES LAB,O,2
17T95A0327,R1631037,MACHINE TOOLS LAB,O,2
17T95A0327,R1631038,THERMAL ENGINEERING LAB,O,2
17T95A0328,R1631031,DYNAMICS OF MACHINERY,F,0
17T95A0328,R1631032,METAL CUTTING & MACHINE TOOLS,C,3
17T95A0328,R1631033,DESIGN OF MACHINE MEMBERS-II,F,0
17T95A0328,R1631034,OPERATIONS RESEARCH,F,0
17T95A0328,R1631035,THERMAL ENGINEERING -II,F,0
17T95A0328,R1631036,THEORY OF MACHINES LAB,O,2
17T95A0328,R1631037,MACHINE TOOLS LAB,S,2
17T95A0328,R1631038,THERMAL ENGINEERING LAB,O,2
17T95A0329,R1631031,DYNAMICS OF MACHINERY,F,0
17T95A0329,R1631032,METAL CUTTING & MACHINE TOOLS,D,3
17T95A0329,R1631033,DESIGN OF MACHINE MEMBERS-II,C,3
17T95A0329,R1631034,OPERATIONS RESEARCH,D,3
17T95A0329,R1631035,THERMAL ENGINEERING -II,C,3
17T95A0329,R1631036,THEORY OF MACHINES LAB,O,2
17T95A0329,R1631037,MACHINE TOOLS LAB,S,2
17T95A0329,R1631038,THERMAL ENGINEERING LAB,S,2
17T95A0401,R1631041,COMPUTER ARCHITECTURE AND ORGANIZATION,C,3
17T95A0401,R1631042,LINEAR IC APPLICATIONS,B,3
17T95A0401,R1631043,DIGITAL IC APPLICATIONS,S,3
17T95A0401,R1631044,DIGITAL COMMUNICATIONS,S,3
17T95A0401,R1631045,ANTENNA AND WAVE PROPAGATION,B,3
17T95A0401,R1631046,PULSE AND DIGITAL CIRCUITS LAB,O,2
Htno,Subcode,Subname,Grade,Credits
17T95A0401,R1631047,LINEAR I C APPLICATIONS LAB,O,2
17T95A0401,R1631048,DIGITAL I C APPLICATIONS LAB,O,2
17T95A0402,R1631041,COMPUTER ARCHITECTURE AND ORGANIZATION,D,3
17T95A0402,R1631042,LINEAR IC APPLICATIONS,C,3
17T95A0402,R1631043,DIGITAL IC APPLICATIONS,C,3
17T95A0402,R1631044,DIGITAL COMMUNICATIONS,F,0
17T95A0402,R1631045,ANTENNA AND WAVE PROPAGATION,B,3
17T95A0402,R1631046,PULSE AND DIGITAL CIRCUITS LAB,S,2
17T95A0402,R1631047,LINEAR I C APPLICATIONS LAB,A,2
17T95A0402,R1631048,DIGITAL I C APPLICATIONS LAB,S,2
17T95A0403,R1631041,COMPUTER ARCHITECTURE AND ORGANIZATION,B,3
17T95A0403,R1631042,LINEAR IC APPLICATIONS,D,3
17T95A0403,R1631043,DIGITAL IC APPLICATIONS,D,3
17T95A0403,R1631044,DIGITAL COMMUNICATIONS,D,3
17T95A0403,R1631045,ANTENNA AND WAVE PROPAGATION,C,3
17T95A0403,R1631046,PULSE AND DIGITAL CIRCUITS LAB,O,2
17T95A0403,R1631047,LINEAR I C APPLICATIONS LAB,A,2
17T95A0403,R1631048,DIGITAL I C APPLICATIONS LAB,S,2
17T95A0404,R1631041,COMPUTER ARCHITECTURE AND ORGANIZATION,D,3
17T95A0404,R1631042,LINEAR IC APPLICATIONS,C,3
17T95A0404,R1631043,DIGITAL IC APPLICATIONS,B,3
17T95A0404,R1631044,DIGITAL COMMUNICATIONS,B,3
17T95A0404,R1631045,ANTENNA AND WAVE PROPAGATION,F,0
17T95A0404,R1631046,PULSE AND DIGITAL CIRCUITS LAB,O,2
17T95A0404,R1631047,LINEAR I C APPLICATIONS LAB,O,2
17T95A0404,R1631048,DIGITAL I C APPLICATIONS LAB,S,2
17T95A0501,R1631051,COMPILER DESIGN,A,3
17T95A0501,R1631052,UNIX AND SHELL PROGRAMMING,B,3
17T95A0501,R1631053,OBJECT ORIENTED ANALYSIS AND DESIGN USIN,A,3
17T95A0501,R1631054,DATABASE MANAGEMENT SYSTEMS,C,3
17T95A0501,R1631055,OPERATING SYSTEMS,B,3
17T95A0501,R1631056,UNIFIED MODELING LAB,O,2
17T95A0501,R1631057,OPERATING SYSTEM & LINUX PROGRAMMING LAB,O,2
17T95A0501,R1631058,DATABASE MANAGEMENT SYSTEM LAB,O,2
17T95A0502,R1631051,COMPILER DESIGN,B,3
17T95A0502,R1631052,UNIX AND SHELL PROGRAMMING,C,3
17T95A0502,R1631053,OBJECT ORIENTED ANALYSIS AND DESIGN USIN,B,3
17T95A0502,R1631054,DATABASE MANAGEMENT SYSTEMS,A,3
17T95A0502,R1631055,OPERATING SYSTEMS,C,3
17T95A0502,R1631056,UNIFIED MODELING LAB,O,2
17T95A0502,R1631057,OPERATING SYSTEM & LINUX PROGRAMMING LAB,O,2
17T95A0502,R1631058,DATABASE MANAGEMENT SYSTEM LAB,O,2

